,code,model,version,sequentially,train_rmse,train_mae,train_acc,train_ms_rmse,train_ms_mae,train_ms_acc,test_rmse,test_mae,test_acc,likely_rmse,likely_mae,likely_acc,likely_range
0,BidirectionalLSTM_seq_true_ver_1,BidirectionalLSTM,1,True,6.66,4.75,0.9800000190734863,16.11,11.5,0.9700000286102295,29.87,26.27,1.1699999570846558,12.61,7.28,0.8999999761581421,365
1,BidirectionalLSTM_seq_true_ver_2,BidirectionalLSTM,2,True,6.6,4.77,1.0199999809265137,23.33,19.35,1.7999999523162842,15.87,12.63,1.2100000381469727,27.71,24.0,1.940000057220459,365
2,BidirectionalLSTM_seq_true_ver_3,BidirectionalLSTM,3,True,7.42,5.45,1.0399999618530273,61.08,49.98,3.07,18.52,13.14,1.09,48.69,34.98,2.68,365
3,BidirectionalLSTM_seq_true_ver_4,BidirectionalLSTM,4,True,8.78,6.09,0.9800000190734863,25.54,20.44,1.5299999713897705,20.31,16.8,1.340000033378601,21.74,16.43,1.0299999713897705,365
4,BidirectionalLSTM_seq_true_ver_5,BidirectionalLSTM,5,True,7.79,5.6,1.0,21.05,16.58,1.3200000524520874,24.88,21.74,1.3200000524520874,20.04,14.17,1.309999942779541,365
5,BidirectionalLSTM_seq_true_ver_6,BidirectionalLSTM,6,True,7.74,5.5,1.0199999809265137,23.32,20.6,1.8200000524520874,16.05,12.96,1.1100000143051147,24.4,22.26,1.9900000095367432,365
6,BidirectionalLSTM_seq_true_ver_7,BidirectionalLSTM,7,True,7.36,5.34,0.9800000190734863,35.04,22.69,0.97,32.94,27.62,0.9800000190734863,22.83,16.25,1.2599999904632568,365
7,BidirectionalLSTM_seq_true_ver_8,BidirectionalLSTM,8,True,8.46,5.93,0.9900000095367432,34.0,23.46,0.95,17.81,14.72,1.2,41.19,29.99,1.44,365
8,BidirectionalLSTM_seq_true_ver_9,BidirectionalLSTM,9,True,9.89,6.17,0.949999988079071,20.71,14.15,0.89,24.48,21.05,1.14,23.11,16.82,1.08,365
9,BidirectionalLSTM_seq_true_ver_10,BidirectionalLSTM,10,True,8.89,6.51,1.0700000524520874,26.52,22.54,1.8899999856948853,15.84,13.45,1.2599999904632568,25.82,21.74,1.9700000286102295,365
10,BidirectionalLSTM_seq_true_ver_11,BidirectionalLSTM,11,True,11.15,7.09,1.0099999904632568,10.51,7.77,1.1699999570846558,14.0,10.88,1.059999942779541,12.43,9.81,1.3200000524520874,365
11,BidirectionalLSTM_seq_true_ver_12,BidirectionalLSTM,12,True,9.83,6.27,1.0099999904632568,23.68,18.2,1.4700000286102295,24.36,20.2,1.5,16.04,11.93,1.0299999713897705,365
12,CNNLSTM_seq_true_ver_1,CNNLSTM,1,True,6.88,4.28,0.86,17.75,11.98,0.6299999952316284,26.6,21.3,0.3799999952316284,16.48,11.03,0.6399999856948853,365
13,CNNLSTM_seq_true_ver_2,CNNLSTM,2,True,1.72,0.98,1.01,21.49,18.36,1.6699999570846558,17.92,14.45,1.100000023841858,19.28,15.71,1.4500000476837158,365
14,CNNLSTM_seq_true_ver_3,CNNLSTM,3,True,1.84,1.27,0.98,10.31,6.27,0.949999988079071,19.97,15.07,0.6200000047683716,20.19,15.8,0.9300000071525574,365
15,CNNLSTM_seq_true_ver_4,CNNLSTM,4,True,1.07,0.62,1.01,1.26,0.8,1.01,12.6,9.27,0.8999999761581421,15.15,11.19,1.0499999523162842,365
16,CNNLSTM_seq_true_ver_5,CNNLSTM,5,True,9.51,7.02,1.0199999809265137,18.31,13.42,0.9100000262260437,24.89,18.58,0.5099999904632568,17.61,12.69,0.9599999785423279,365
17,CNNLSTM_seq_true_ver_6,CNNLSTM,6,True,11.37,7.82,1.0099999904632568,23.12,20.04,1.7400000095367432,19.16,15.53,1.2100000381469727,21.46,18.34,1.75,365
18,CNNLSTM_seq_true_ver_7,CNNLSTM,7,True,2.62,1.25,0.9700000286102295,7.44,4.82,1.0399999618530273,11.36,8.99,0.949999988079071,13.14,10.6,1.2599999904632568,365
19,CNNLSTM_seq_true_ver_8,CNNLSTM,8,True,10.08,7.0,1.01,9.99,6.95,1.01,10.6,8.4,0.9800000190734863,8.5,6.38,1.1100000143051147,365
20,CNNLSTM_seq_true_ver_9,CNNLSTM,9,True,11.95,8.38,1.04,23.56,18.86,1.45,28.12,23.94,1.03,23.33,19.29,1.51,365
21,CNNLSTM_seq_true_ver_10,CNNLSTM,10,True,9.61,6.77,1.0,18.8,15.77,1.4500000476837158,20.19,17.38,1.2200000286102295,20.03,17.29,1.4600000381469727,365
22,CNNLSTM_seq_true_ver_11,CNNLSTM,11,True,12.21,8.33,0.9700000286102295,11.78,8.09,0.9900000095367432,12.7,9.75,0.7900000214576721,21.87,18.83,1.3200000524520874,365
23,CNNLSTM_seq_true_ver_12,CNNLSTM,12,True,13.29,8.7,1.0,13.03,8.52,1.0,11.77,9.31,1.0499999523162842,11.05,8.07,1.159999966621399,365
24,GRU_seq_true_ver_1,GRU,1,True,1.92,1.46,1.0099999904632568,20.13,14.03,0.9700000286102295,23.4,18.0,0.5299999713897705,15.99,11.32,0.7699999809265137,365
25,GRU_seq_true_ver_2,GRU,2,True,8.67,6.11,0.9700000286102295,16.21,11.46,0.8899999856948853,21.86,15.86,0.5899999737739563,14.94,10.92,0.9700000286102295,365
26,GRU_seq_true_ver_3,GRU,3,True,7.98,5.63,0.8799999952316284,18.27,12.32,0.6200000047683716,26.27,20.29,0.4300000071525574,16.3,10.91,0.6600000262260437,365
27,GRU_seq_true_ver_4,GRU,4,True,5.48,4.03,0.97,17.49,12.25,0.8199999928474426,23.62,17.73,0.5099999904632568,15.11,10.48,0.8500000238418579,365
28,GRU_seq_true_ver_5,GRU,5,True,7.83,5.44,1.0399999618530273,20.27,14.45,1.2699999809265137,33.7,28.67,0.8500000238418579,27.87,23.97,1.8799999952316284,365
29,GRU_seq_true_ver_6,GRU,6,True,7.69,5.33,1.0099999904632568,22.35,15.82,0.23999999463558197,12.33,9.6,1.059999942779541,34.21,32.01,2.5899999141693115,365
30,GRU_seq_true_ver_7,GRU,7,True,7.59,5.61,1.0099999904632568,29.07,23.07,1.36,14.53,10.92,0.98,34.68,30.73,1.35,365
31,GRU_seq_true_ver_8,GRU,8,True,8.18,5.77,0.97,17.21,13.04,1.0199999809265137,20.49,14.76,0.6499999761581421,15.04,11.64,1.090000033378601,365
32,GRU_seq_true_ver_9,GRU,9,True,12.03,7.91,0.97,21.47,14.88,0.8700000047683716,31.02,25.02,0.97,15.67,9.97,0.98,365
33,GRU_seq_true_ver_10,GRU,10,True,8.76,5.82,1.0,22.46,16.38,0.9300000071525574,32.12,26.68,0.949999988079071,23.41,16.88,0.9599999785423279,365
34,GRU_seq_true_ver_11,GRU,11,True,10.53,7.16,1.059999942779541,36.71,33.9,2.4700000286102295,19.29,15.27,1.3600000143051147,36.46,33.75,2.6500000953674316,365
35,GRU_seq_true_ver_12,GRU,12,True,10.39,6.5,0.9900000095367432,17.46,12.41,0.8600000143051147,22.6,16.57,0.5600000023841858,14.97,10.73,0.9200000166893005,365
36,LSTM_seq_true_ver_1,LSTM,1,True,7.63,5.45,0.9700000286102295,21.28,14.65,0.30000001192092896,22.42,18.66,1.2300000190734863,24.57,17.77,0.5199999809265137,365
37,LSTM_seq_true_ver_2,LSTM,2,True,6.72,4.84,0.9800000190734863,22.91,16.45,0.20000000298023224,24.3,20.43,1.33,27.21,20.43,0.52,365
38,LSTM_seq_true_ver_3,LSTM,3,True,8.29,6.05,1.0299999713897705,30.49,27.95,2.2100000381469727,19.86,16.79,1.2999999523162842,30.66,28.29,2.369999885559082,365
39,LSTM_seq_true_ver_4,LSTM,4,True,9.04,6.31,0.8899999856948853,23.39,16.95,0.30000001192092896,25.15,18.98,0.46000000834465027,21.43,16.08,0.3799999952316284,365
40,LSTM_seq_true_ver_5,LSTM,5,True,8.25,5.94,1.0099999904632568,35.6,31.73,2.569999933242798,13.87,10.07,0.9100000262260437,37.88,35.64,2.799999952316284,365
41,LSTM_seq_true_ver_6,LSTM,6,True,8.07,5.85,1.0399999618530273,25.65,22.95,1.9800000190734863,13.67,10.7,1.059999942779541,26.79,24.57,2.1500000953674316,365
42,LSTM_seq_true_ver_7,LSTM,7,True,8.78,6.34,0.9700000286102295,17.45,12.86,0.9700000286102295,23.87,17.83,0.5799999833106995,16.25,12.74,1.0299999713897705,365
43,LSTM_seq_true_ver_8,LSTM,8,True,44.5,32.99,1.31,56.91,45.23,2.02,63.84,59.67,1.38,45.49,33.77,1.55,365
44,LSTM_seq_true_ver_9,LSTM,9,True,8.81,6.1,0.9800000190734863,32.44,29.03,2.4100000858306885,17.47,14.71,1.2999999523162842,35.06,32.83,2.630000114440918,365
45,LSTM_seq_true_ver_10,LSTM,10,True,9.69,7.11,1.1100000143051147,29.28,24.18,1.75,21.44,18.38,1.31,32.97,29.18,1.91,365
46,LSTM_seq_true_ver_11,LSTM,11,True,68.8,59.1,3.68,81.61,78.42,4.71,71.2,69.32,3.06,84.9,83.58,5.3,365
47,LSTM_seq_true_ver_12,LSTM,12,True,38.14,27.88,0.75,53.36,41.41,1.82,45.65,40.33,0.36,48.98,36.92,1.8,365
48,TimeDistributedCNNLSTM_seq_true_ver_1,TimeDistributedCNNLSTM,1,True,4.45,2.95,0.95,23.46,17.05,0.15,33.43,26.91,0.25,22.34,16.73,0.14,365
49,TimeDistributedCNNLSTM_seq_true_ver_2,TimeDistributedCNNLSTM,2,True,2.44,1.58,1.0099999904632568,22.72,18.3,1.4600000381469727,16.58,13.35,1.1100000143051147,23.19,20.05,1.4900000095367432,365
50,TimeDistributedCNNLSTM_seq_true_ver_3,TimeDistributedCNNLSTM,3,True,2.23,1.43,1.01,27.01,20.59,1.3,10.55,8.16,0.98,35.52,30.75,2.04,365
51,TimeDistributedCNNLSTM_seq_true_ver_4,TimeDistributedCNNLSTM,4,True,1.56,1.1,1.01,1.29,0.94,0.99,14.89,10.25,0.82,12.99,9.26,0.86,365
52,TimeDistributedCNNLSTM_seq_true_ver_5,TimeDistributedCNNLSTM,5,True,10.59,7.22,0.87,21.84,15.16,0.25,29.95,21.39,0.44,22.31,16.68,0.15,365
53,TimeDistributedCNNLSTM_seq_true_ver_6,TimeDistributedCNNLSTM,6,True,10.53,7.13,0.9900000095367432,17.36,14.02,1.3700000047683716,17.98,14.3,1.0800000429153442,17.33,14.44,1.440000057220459,365
54,TimeDistributedCNNLSTM_seq_true_ver_7,TimeDistributedCNNLSTM,7,True,2.75,1.88,0.9700000286102295,21.4,16.3,1.2999999523162842,10.12,7.57,0.949999988079071,24.34,20.47,1.350000023841858,365
55,TimeDistributedCNNLSTM_seq_true_ver_8,TimeDistributedCNNLSTM,8,True,10.0,6.97,1.0,10.06,7.14,1.01,14.22,10.54,0.949999988079071,13.87,10.91,1.090000033378601,365
56,TimeDistributedCNNLSTM_seq_true_ver_9,TimeDistributedCNNLSTM,9,True,12.12,8.06,0.94,19.88,14.79,1.03,24.99,20.36,0.8700000047683716,21.44,16.5,1.1699999570846558,365
57,TimeDistributedCNNLSTM_seq_true_ver_10,TimeDistributedCNNLSTM,10,True,10.12,7.29,1.0399999618530273,20.29,16.21,1.4199999570846558,18.49,15.31,1.190000057220459,20.37,17.12,1.5,365
58,TimeDistributedCNNLSTM_seq_true_ver_11,TimeDistributedCNNLSTM,11,True,12.45,8.55,0.99,24.75,19.52,1.23,11.26,9.17,1.06,25.25,21.75,1.37,365
59,TimeDistributedCNNLSTM_seq_true_ver_12,TimeDistributedCNNLSTM,12,True,13.21,8.71,1.0,14.06,10.02,1.100000023841858,13.84,10.52,0.9900000095367432,13.85,10.92,1.2300000190734863,365
60,CNN_seq_true_ver_1,CNN,1,True,2.58,1.93,1.04,36.97,33.68,2.6700000762939453,14.04,10.85,1.0700000524520874,40.54,37.97,2.9100000858306885,365
61,CNN_seq_true_ver_2,CNN,2,True,2.38,1.52,0.98,24.28,21.06,1.8799999952316284,13.66,10.25,0.9399999976158142,25.37,23.19,2.0299999713897705,365
62,CNN_seq_true_ver_3,CNN,3,True,2.02,1.37,1.0,6.05,4.0,1.01,12.02,8.83,1.01,27.59,20.96,1.27,365
63,CNN_seq_true_ver_4,CNN,4,True,2.34,1.62,1.0,2.89,1.95,0.99,14.33,11.19,0.73,21.51,15.3,0.86,365
64,CNN_seq_true_ver_5,CNN,5,True,10.15,7.62,1.08,22.33,18.39,1.590000033378601,14.06,11.15,1.0199999809265137,27.36,24.21,1.909999966621399,365
65,CNN_seq_true_ver_6,CNN,6,True,15.69,11.59,1.29,25.89,20.1,0.0,31.18,27.47,1.7100000381469727,28.44,24.88,2.069999933242798,365
66,CNN_seq_true_ver_7,CNN,7,True,1.87,1.27,1.01,14.33,9.87,1.12,10.7,7.81,0.98,22.44,17.98,1.21,365
67,CNN_seq_true_ver_8,CNN,8,True,9.76,6.9,1.04,9.82,6.98,1.04,14.51,11.09,0.76,12.38,8.08,1.03,365
68,CNN_seq_true_ver_9,CNN,9,True,12.0,7.98,0.98,17.52,13.32,1.18,18.19,14.12,0.8399999737739563,19.14,16.13,1.3700000047683716,365
69,CNN_seq_true_ver_10,CNN,10,True,10.6,7.57,1.05,23.16,18.79,1.51,14.92,12.52,1.1200000047683716,22.86,19.98,1.6399999856948853,365
70,CNN_seq_true_ver_11,CNN,11,True,12.39,8.51,1.01,16.29,12.18,1.06,12.54,10.32,1.15,16.44,12.07,0.99,365
71,CNN_seq_true_ver_12,CNN,12,True,13.53,9.05,1.12,14.41,9.93,1.04,12.49,9.57,0.91,11.25,8.08,1.13,365
72,MultiCNN_seq_true_ver_1,MultiCNN,1,True,8.63,5.76,0.92,16.73,11.76,0.8199999928474426,23.0,16.79,0.5400000214576721,15.33,10.61,0.8199999928474426,365
73,MultiCNN_seq_true_ver_2,MultiCNN,2,True,6.08,3.72,0.93,22.75,18.11,0.98,14.16,10.16,0.9200000166893005,23.13,18.43,1.0099999904632568,365
74,MultiCNN_seq_true_ver_3,MultiCNN,3,True,3.05,2.29,0.9700000286102295,5.7,4.01,0.96,11.21,8.64,0.99,9.18,6.37,1.0,365
75,MultiCNN_seq_true_ver_4,MultiCNN,4,True,2.6,1.86,0.96,2.58,1.92,0.99,11.93,9.95,1.04,10.0,7.37,1.04,365
76,MultiCNN_seq_true_ver_5,MultiCNN,5,True,12.55,8.85,0.9200000166893005,17.96,14.35,1.0099999904632568,27.25,20.53,0.4300000071525574,17.8,12.81,1.0399999618530273,365
77,MultiCNN_seq_true_ver_6,MultiCNN,6,True,11.16,7.33,0.9,20.01,15.03,0.99,17.82,13.42,0.87,21.84,16.97,0.98,365
78,MultiCNN_seq_true_ver_7,MultiCNN,7,True,3.53,2.54,0.94,4.37,3.21,0.99,12.44,9.21,0.89,20.36,15.22,1.06,365
79,MultiCNN_seq_true_ver_8,MultiCNN,8,True,9.53,6.56,1.0099999904632568,9.73,6.99,1.090000033378601,13.32,10.42,1.04,12.16,9.35,1.23,365
80,MultiCNN_seq_true_ver_9,MultiCNN,9,True,12.63,9.5,1.0399999618530273,20.6,16.25,1.3200000524520874,16.01,11.94,0.8100000023841858,20.39,16.85,1.3899999856948853,365
81,MultiCNN_seq_true_ver_10,MultiCNN,10,True,10.06,7.04,0.99,18.59,13.43,1.2000000476837158,19.62,14.92,0.8899999856948853,16.09,11.62,1.2699999809265137,365
82,MultiCNN_seq_true_ver_11,MultiCNN,11,True,11.82,7.99,0.9900000095367432,15.45,10.91,1.06,11.34,9.13,0.95,19.85,14.85,1.01,365
83,MultiCNN_seq_true_ver_12,MultiCNN,12,True,12.22,7.82,1.0,11.53,7.61,1.03,12.59,9.67,0.9399999976158142,8.59,6.06,1.0700000524520874,365
84,MLP_seq_true_ver_1,MLP,1,True,0.97,0.72,0.98,24.43,16.83,1.5499999523162842,22.85,16.59,0.550000011920929,21.29,16.56,1.5499999523162842,365
85,MLP_seq_true_ver_2,MLP,2,True,0.93,0.71,1.01,19.3,12.96,1.2300000190734863,11.58,8.42,0.9200000166893005,23.27,18.5,1.6399999856948853,365
86,MLP_seq_true_ver_3,MLP,3,True,1.48,1.19,1.0299999713897705,13.24,9.65,1.190000057220459,16.32,11.68,1.2300000190734863,6.66,4.23,0.9900000095367432,365
87,MLP_seq_true_ver_4,MLP,4,True,1.77,1.36,1.0099999904632568,12.42,8.97,1.1799999475479126,14.74,11.49,0.800000011920929,16.04,13.58,1.4199999570846558,365
88,MLP_seq_true_ver_5,MLP,5,True,9.58,6.7,0.97,25.37,19.42,0.0,13.5,11.28,1.1399999856948853,23.97,19.56,1.6299999952316284,365
89,MLP_seq_true_ver_6,MLP,6,True,11.31,7.63,0.9900000095367432,18.37,13.59,1.2300000190734863,12.18,9.93,0.8899999856948853,23.83,20.08,1.440000057220459,365
90,MLP_seq_true_ver_7,MLP,7,True,1.55,1.18,1.02,3.21,2.29,1.0099999904632568,17.11,12.36,1.2699999809265137,6.97,4.75,1.0499999523162842,365
91,MLP_seq_true_ver_8,MLP,8,True,9.75,6.72,0.9800000190734863,9.37,6.46,0.9700000286102295,11.41,8.08,1.0,7.32,5.25,1.100000023841858,365
92,MLP_seq_true_ver_9,MLP,9,True,11.94,7.96,0.9900000095367432,25.26,20.73,1.6299999952316284,10.82,8.33,1.0099999904632568,22.48,17.78,1.6399999856948853,365
93,MLP_seq_true_ver_10,MLP,10,True,9.66,6.67,0.95,20.37,15.56,1.1399999856948853,11.33,8.45,1.0,23.77,16.7,1.559999942779541,365
94,MLP_seq_true_ver_11,MLP,11,True,12.17,8.38,1.0099999904632568,11.22,7.72,0.9800000190734863,14.15,10.76,1.2200000286102295,6.82,4.83,1.0,365
95,MLP_seq_true_ver_12,MLP,12,True,13.14,8.51,1.0,12.74,8.23,0.9800000190734863,12.24,9.16,1.1299999952316284,7.43,5.41,1.1100000143051147,365
96,AutoencoderMLP_seq_true_ver_1,AutoencoderMLP,1,True,1.01,0.7,0.9900000095367432,12.66,7.78,1.14,18.87,14.21,0.6600000262260437,22.67,18.14,1.4900000095367432,365
97,AutoencoderMLP_seq_true_ver_2,AutoencoderMLP,2,True,0.96,0.73,1.01,13.01,7.38,1.0700000524520874,17.43,13.21,0.7200000286102295,26.09,20.96,1.190000057220459,365
98,AutoencoderMLP_seq_true_ver_3,AutoencoderMLP,3,True,1.51,1.1,1.0199999809265137,3.67,2.47,1.0399999618530273,14.55,11.74,1.2899999618530273,7.7,5.7,1.2000000476837158,365
99,AutoencoderMLP_seq_true_ver_4,AutoencoderMLP,4,True,2.07,1.49,1.0299999713897705,7.66,5.2,1.0399999618530273,11.75,9.29,1.1200000047683716,9.95,7.25,1.1100000143051147,365
100,AutoencoderMLP_seq_true_ver_5,AutoencoderMLP,5,True,9.63,7.0,1.1100000143051147,23.39,17.95,1.5299999713897705,34.87,29.65,0.75,22.96,16.1,0.8700000047683716,365
101,AutoencoderMLP_seq_true_ver_6,AutoencoderMLP,6,True,11.46,7.75,1.01,11.41,7.73,1.0099999904632568,14.29,10.64,0.8299999833106995,27.84,22.51,1.2699999809265137,365
102,AutoencoderMLP_seq_true_ver_7,AutoencoderMLP,7,True,1.31,0.88,1.0,1.6,1.05,1.0,12.48,9.8,1.159999966621399,4.74,3.5,0.9900000095367432,365
103,AutoencoderMLP_seq_true_ver_8,AutoencoderMLP,8,True,9.66,6.66,0.9800000190734863,9.42,6.51,0.9800000190734863,11.04,8.55,1.159999966621399,6.91,4.86,1.0299999713897705,365
104,AutoencoderMLP_seq_true_ver_9,AutoencoderMLP,9,True,11.85,7.92,1.0099999904632568,24.28,17.66,1.4600000381469727,20.28,16.78,1.2599999904632568,26.17,21.36,1.4500000476837158,365
105,AutoencoderMLP_seq_true_ver_10,AutoencoderMLP,10,True,9.86,6.84,1.0,11.46,7.99,1.0399999618530273,17.15,13.89,1.25,28.24,20.37,1.5399999618530273,365
106,AutoencoderMLP_seq_true_ver_11,AutoencoderMLP,11,True,12.81,8.71,1.02,12.79,8.69,1.02,16.32,12.08,1.2799999713897705,7.25,5.04,1.059999942779541,365
107,AutoencoderMLP_seq_true_ver_12,AutoencoderMLP,12,True,13.24,8.62,1.01,13.15,8.56,1.0,13.61,10.79,1.2000000476837158,10.28,7.14,1.190000057220459,365
108,AutoencoderRandomDropoutMLP_seq_true_ver_1,AutoencoderRandomDropoutMLP,1,True,4.52,2.9,1.0,22.48,16.46,1.1,18.84,13.93,0.86,14.08,10.67,1.17,365
109,AutoencoderRandomDropoutMLP_seq_true_ver_2,AutoencoderRandomDropoutMLP,2,True,2.15,1.62,1.0499999523162842,19.0,13.02,1.1699999570846558,11.41,9.21,1.0199999809265137,21.5,18.18,1.2899999618530273,365
110,AutoencoderRandomDropoutMLP_seq_true_ver_3,AutoencoderRandomDropoutMLP,3,True,2.69,2.03,1.02,17.51,11.25,0.9900000095367432,15.93,11.72,1.15,6.96,5.01,0.99,365
111,AutoencoderRandomDropoutMLP_seq_true_ver_4,AutoencoderRandomDropoutMLP,4,True,2.73,1.89,1.06,2.58,1.87,1.05,15.12,11.47,1.24,5.88,4.53,1.12,365
112,AutoencoderRandomDropoutMLP_seq_true_ver_5,AutoencoderRandomDropoutMLP,5,True,10.0,6.93,0.9200000166893005,16.45,11.47,0.8600000143051147,24.45,18.99,0.46000000834465027,15.05,10.72,0.9100000262260437,365
113,AutoencoderRandomDropoutMLP_seq_true_ver_6,AutoencoderRandomDropoutMLP,6,True,10.99,7.38,0.95,15.98,11.39,0.99,21.48,15.82,0.57,15.2,11.78,1.09,365
114,AutoencoderRandomDropoutMLP_seq_true_ver_7,AutoencoderRandomDropoutMLP,7,True,3.45,2.39,0.98,5.0,3.29,0.98,12.58,9.12,1.16,4.87,3.46,0.97,365
115,AutoencoderRandomDropoutMLP_seq_true_ver_8,AutoencoderRandomDropoutMLP,8,True,10.09,7.1,1.02,9.4,6.74,1.01,13.53,11.01,1.23,7.66,5.61,1.11,365
116,AutoencoderRandomDropoutMLP_seq_true_ver_9,AutoencoderRandomDropoutMLP,9,True,11.81,7.96,1.01,24.26,18.15,1.05,20.21,16.21,0.91,15.56,12.3,1.13,365
117,AutoencoderRandomDropoutMLP_seq_true_ver_10,AutoencoderRandomDropoutMLP,10,True,9.43,6.43,1.0,23.21,16.66,1.1799999475479126,11.55,9.42,1.03,17.97,14.64,1.26,365
118,AutoencoderRandomDropoutMLP_seq_true_ver_11,AutoencoderRandomDropoutMLP,11,True,12.09,8.3,1.0,11.98,8.16,1.0099999904632568,13.34,10.5,1.23,6.85,4.98,1.12,365
119,AutoencoderRandomDropoutMLP_seq_true_ver_12,AutoencoderRandomDropoutMLP,12,True,12.83,8.25,0.99,12.68,8.1,0.9900000095367432,12.52,10.19,1.1799999475479126,8.83,6.71,1.190000057220459,365
120,RandomDropoutLSTM_seq_true_ver_1,RandomDropoutLSTM,1,True,6.27,4.67,0.99,30.62,24.62,1.7400000095367432,18.39,14.92,1.13,19.38,16.77,1.57,365
121,RandomDropoutLSTM_seq_true_ver_2,RandomDropoutLSTM,2,True,9.23,6.69,1.0399999618530273,27.96,24.13,2.0299999713897705,13.86,10.03,0.9200000166893005,27.65,25.45,2.2100000381469727,365
122,RandomDropoutLSTM_seq_true_ver_3,RandomDropoutLSTM,3,True,9.55,6.9,1.0499999523162842,32.78,29.52,2.259999990463257,12.69,9.97,1.059999942779541,32.75,30.51,2.490000009536743,365
123,RandomDropoutLSTM_seq_true_ver_4,RandomDropoutLSTM,4,True,8.65,6.11,0.9300000071525574,22.45,15.71,0.3199999928474426,24.83,18.53,0.47999998927116394,20.51,15.2,0.3499999940395355,365
124,RandomDropoutLSTM_seq_true_ver_5,RandomDropoutLSTM,5,True,25.38,19.43,0.0,25.38,19.43,0.0,37.41,33.68,0.0,24.49,19.42,0.0,365
125,RandomDropoutLSTM_seq_true_ver_6,RandomDropoutLSTM,6,True,8.65,5.97,1.02,25.16,19.21,1.6299999952316284,22.78,18.43,1.19,21.87,19.69,1.78,365
126,RandomDropoutLSTM_seq_true_ver_7,RandomDropoutLSTM,7,True,26.79,20.98,0.0,26.79,20.98,0.0,37.41,33.68,0.0,24.49,19.42,0.0,365
127,RandomDropoutLSTM_seq_true_ver_8,RandomDropoutLSTM,8,True,27.03,20.85,0.0,46.96,35.17,1.27,37.41,33.68,0.0,50.92,38.78,1.95,365
128,RandomDropoutLSTM_seq_true_ver_9,RandomDropoutLSTM,9,True,8.91,6.24,0.9700000286102295,22.86,19.49,1.7599999904632568,14.8,11.81,1.100000023841858,26.22,24.0,2.109999895095825,365
129,RandomDropoutLSTM_seq_true_ver_10,RandomDropoutLSTM,10,True,22.58,16.55,0.18000000715255737,24.46,18.3,0.09000000357627869,35.46,31.31,0.07000000029802322,23.0,17.52,0.10000000149011612,365
130,RandomDropoutLSTM_seq_true_ver_11,RandomDropoutLSTM,11,True,8.82,6.41,1.0199999809265137,26.22,23.55,1.940000057220459,14.05,11.01,1.0499999523162842,24.77,22.6,2.0199999809265137,365
131,RandomDropoutLSTM_seq_true_ver_12,RandomDropoutLSTM,12,True,38.81,28.38,0.79,54.11,42.18,1.77,41.81,37.21,0.32,48.16,35.52,1.86,365
132,AutoencoderRandomDropoutBidirectionalLSTM_seq_true_ver_1,AutoencoderRandomDropoutBidirectionalLSTM,1,True,6.95,5.03,0.98,19.24,12.42,0.79,21.65,18.17,1.21,19.03,14.69,0.97,365
133,AutoencoderRandomDropoutBidirectionalLSTM_seq_true_ver_2,AutoencoderRandomDropoutBidirectionalLSTM,2,True,8.67,6.24,1.0299999713897705,21.68,16.04,1.23,15.94,11.42,0.78,16.77,14.41,1.32,365
134,AutoencoderRandomDropoutBidirectionalLSTM_seq_true_ver_3,AutoencoderRandomDropoutBidirectionalLSTM,3,True,7.08,5.26,1.01,16.51,11.75,1.0,14.26,10.16,0.99,10.6,7.86,1.05,365
135,AutoencoderRandomDropoutBidirectionalLSTM_seq_true_ver_4,AutoencoderRandomDropoutBidirectionalLSTM,4,True,7.87,5.66,1.02,20.43,14.23,1.100000023841858,21.14,17.12,1.27,12.5,9.27,1.01,365
136,AutoencoderRandomDropoutBidirectionalLSTM_seq_true_ver_5,AutoencoderRandomDropoutBidirectionalLSTM,5,True,8.09,5.86,1.0399999618530273,27.42,20.47,1.31,29.37,25.43,1.15,19.59,15.56,1.38,365
137,AutoencoderRandomDropoutBidirectionalLSTM_seq_true_ver_6,AutoencoderRandomDropoutBidirectionalLSTM,6,True,8.97,6.02,1.02,20.14,16.44,1.4500000476837158,16.69,12.73,0.949999988079071,17.22,15.08,1.4800000190734863,365
138,AutoencoderRandomDropoutBidirectionalLSTM_seq_true_ver_7,AutoencoderRandomDropoutBidirectionalLSTM,7,True,6.77,4.97,0.96,10.81,7.49,0.88,14.1,10.5,1.1,10.46,7.02,0.9,365
139,AutoencoderRandomDropoutBidirectionalLSTM_seq_true_ver_8,AutoencoderRandomDropoutBidirectionalLSTM,8,True,9.14,6.58,1.0499999523162842,45.85,35.4,1.37,18.23,15.38,1.25,19.43,14.88,1.2999999523162842,365
140,AutoencoderRandomDropoutBidirectionalLSTM_seq_true_ver_9,AutoencoderRandomDropoutBidirectionalLSTM,9,True,9.45,6.5,1.0299999713897705,23.73,17.72,1.190000057220459,26.88,22.68,1.24,18.95,15.45,1.53,365
141,AutoencoderRandomDropoutBidirectionalLSTM_seq_true_ver_10,AutoencoderRandomDropoutBidirectionalLSTM,10,True,10.36,7.48,1.0700000524520874,23.22,20.15,1.840000033378601,15.92,13.02,1.1399999856948853,24.57,22.47,2.009999990463257,365
142,AutoencoderRandomDropoutBidirectionalLSTM_seq_true_ver_11,AutoencoderRandomDropoutBidirectionalLSTM,11,True,9.59,6.77,1.03,25.54,17.27,1.18,10.49,7.77,0.98,13.89,10.39,1.13,365
143,AutoencoderRandomDropoutBidirectionalLSTM_seq_true_ver_12,AutoencoderRandomDropoutBidirectionalLSTM,12,True,10.64,6.63,0.9800000190734863,21.83,15.62,1.100000023841858,19.8,16.55,1.2300000190734863,15.79,11.42,0.9599999785423279,365
144,AutoencoderRandomDropoutTimeDistributedCNNLSTM_seq_true_ver_1,AutoencoderRandomDropoutTimeDistributedCNNLSTM,1,True,4.31,2.55,0.96,16.82,11.99,0.94,22.83,16.85,0.6000000238418579,14.97,11.0,0.9800000190734863,365
145,AutoencoderRandomDropoutTimeDistributedCNNLSTM_seq_true_ver_2,AutoencoderRandomDropoutTimeDistributedCNNLSTM,2,True,2.22,1.3,1.0,23.61,17.08,1.3899999856948853,18.45,14.99,1.19,19.35,16.84,1.5,365
146,AutoencoderRandomDropoutTimeDistributedCNNLSTM_seq_true_ver_3,AutoencoderRandomDropoutTimeDistributedCNNLSTM,3,True,2.67,1.74,1.02,5.89,3.64,0.97,11.45,9.56,1.05,23.09,18.34,1.16,365
147,AutoencoderRandomDropoutTimeDistributedCNNLSTM_seq_true_ver_4,AutoencoderRandomDropoutTimeDistributedCNNLSTM,4,True,5.92,4.08,1.18,5.88,4.29,1.18,13.9,11.7,1.1200000047683716,13.82,11.01,1.350000023841858,365
148,AutoencoderRandomDropoutTimeDistributedCNNLSTM_seq_true_ver_5,AutoencoderRandomDropoutTimeDistributedCNNLSTM,5,True,10.2,7.13,0.9900000095367432,20.95,16.31,1.2300000190734863,19.82,14.3,0.76,15.79,12.89,1.24,365
149,AutoencoderRandomDropoutTimeDistributedCNNLSTM_seq_true_ver_6,AutoencoderRandomDropoutTimeDistributedCNNLSTM,6,True,11.53,7.91,0.99,23.82,18.32,1.3600000143051147,18.35,15.24,1.2200000286102295,24.27,21.08,1.4800000190734863,365
150,AutoencoderRandomDropoutTimeDistributedCNNLSTM_seq_true_ver_7,AutoencoderRandomDropoutTimeDistributedCNNLSTM,7,True,2.52,1.8,0.98,17.35,9.98,1.09,12.98,10.33,1.13,21.63,17.35,1.26,365
151,AutoencoderRandomDropoutTimeDistributedCNNLSTM_seq_true_ver_8,AutoencoderRandomDropoutTimeDistributedCNNLSTM,8,True,10.76,7.52,1.08,11.07,7.98,1.12,13.29,11.27,1.18,10.21,7.48,1.21,365
152,AutoencoderRandomDropoutTimeDistributedCNNLSTM_seq_true_ver_9,AutoencoderRandomDropoutTimeDistributedCNNLSTM,9,True,12.03,8.15,0.98,19.35,14.63,1.09,20.61,14.95,0.63,15.88,12.31,1.12,365
153,AutoencoderRandomDropoutTimeDistributedCNNLSTM_seq_true_ver_10,AutoencoderRandomDropoutTimeDistributedCNNLSTM,10,True,9.42,6.74,1.06,22.72,17.45,1.350000023841858,19.1,15.92,1.25,21.48,18.45,1.3899999856948853,365
154,AutoencoderRandomDropoutTimeDistributedCNNLSTM_seq_true_ver_11,AutoencoderRandomDropoutTimeDistributedCNNLSTM,11,True,12.79,8.87,0.98,16.44,11.51,1.03,12.76,10.2,1.0,20.38,16.16,1.2,365
155,AutoencoderRandomDropoutTimeDistributedCNNLSTM_seq_true_ver_12,AutoencoderRandomDropoutTimeDistributedCNNLSTM,12,True,13.47,8.87,1.02,13.09,9.01,1.04,14.34,12.0,1.09,9.39,7.07,1.17,365
156,AutoencoderRandomDropoutCNNLSTM_seq_true_ver_1,AutoencoderRandomDropoutCNNLSTM,1,True,8.1,5.6,1.23,62.35,55.34,3.71,24.27,17.55,0.59,15.83,14.19,1.54,365
157,AutoencoderRandomDropoutCNNLSTM_seq_true_ver_2,AutoencoderRandomDropoutCNNLSTM,2,True,2.22,1.33,1.0099999904632568,20.42,14.4,1.0499999523162842,13.15,10.23,0.8999999761581421,20.62,15.76,1.100000023841858,365
158,AutoencoderRandomDropoutCNNLSTM_seq_true_ver_3,AutoencoderRandomDropoutCNNLSTM,3,True,2.0,1.28,0.97,5.0,3.03,0.9300000071525574,13.7,11.24,0.7400000095367432,21.19,16.4,1.059999942779541,365
159,AutoencoderRandomDropoutCNNLSTM_seq_true_ver_4,AutoencoderRandomDropoutCNNLSTM,4,True,5.23,3.1,1.11,7.4,4.96,1.11,17.76,13.89,1.28,14.15,11.42,1.43,365
160,AutoencoderRandomDropoutCNNLSTM_seq_true_ver_5,AutoencoderRandomDropoutCNNLSTM,5,True,11.59,9.04,1.1100000143051147,17.92,13.22,0.8999999761581421,22.33,16.46,0.6700000166893005,15.03,10.51,0.8799999952316284,365
161,AutoencoderRandomDropoutCNNLSTM_seq_true_ver_6,AutoencoderRandomDropoutCNNLSTM,6,True,11.27,7.68,1.0,23.47,18.15,0.8899999856948853,14.41,12.04,1.09,15.15,9.77,0.8,365
162,AutoencoderRandomDropoutCNNLSTM_seq_true_ver_7,AutoencoderRandomDropoutCNNLSTM,7,True,2.45,1.67,1.0,3.11,2.18,1.0,14.12,10.92,0.8799999952316284,22.76,17.72,1.0299999713897705,365
163,AutoencoderRandomDropoutCNNLSTM_seq_true_ver_8,AutoencoderRandomDropoutCNNLSTM,8,True,10.71,7.26,0.83,15.35,11.93,1.0700000524520874,16.22,11.6,0.7400000095367432,14.89,11.97,1.190000057220459,365
164,AutoencoderRandomDropoutCNNLSTM_seq_true_ver_9,AutoencoderRandomDropoutCNNLSTM,9,True,13.4,10.0,1.14,26.17,20.62,1.17,21.69,17.54,1.04,15.55,10.98,1.21,365
165,AutoencoderRandomDropoutCNNLSTM_seq_true_ver_10,AutoencoderRandomDropoutCNNLSTM,10,True,9.9,7.34,1.09,20.14,15.67,1.1699999570846558,13.69,9.95,0.8799999952316284,21.34,17.62,1.1799999475479126,365
166,AutoencoderRandomDropoutCNNLSTM_seq_true_ver_11,AutoencoderRandomDropoutCNNLSTM,11,True,13.06,9.05,1.01,15.61,11.55,1.0299999713897705,12.48,10.14,0.88,21.18,16.05,1.04,365
167,AutoencoderRandomDropoutCNNLSTM_seq_true_ver_12,AutoencoderRandomDropoutCNNLSTM,12,True,13.25,8.77,1.02,12.5,8.18,0.92,12.63,9.86,0.97,10.94,8.13,0.91,365
168,AutoencoderCNNLSTMTimeDistributed_seq_true_ver_1,AutoencoderCNNLSTMTimeDistributed,1,True,6.2,4.4,0.9,24.67,18.53,0.06,27.38,22.08,0.3499999940395355,16.57,11.14,0.6299999952316284,365
169,AutoencoderCNNLSTMTimeDistributed_seq_true_ver_2,AutoencoderCNNLSTMTimeDistributed,2,True,2.6,1.64,1.03,24.69,17.58,1.31,18.24,14.68,1.1299999952316284,22.32,17.02,1.25,365
170,AutoencoderCNNLSTMTimeDistributed_seq_true_ver_3,AutoencoderCNNLSTMTimeDistributed,3,True,2.23,1.44,1.0,2.7,1.96,0.99,13.22,10.07,1.06,7.72,5.25,1.08,365
171,AutoencoderCNNLSTMTimeDistributed_seq_true_ver_4,AutoencoderCNNLSTMTimeDistributed,4,True,1.83,1.25,0.99,2.28,1.53,0.99,11.73,9.62,1.02,6.31,4.43,1.07,365
172,AutoencoderCNNLSTMTimeDistributed_seq_true_ver_5,AutoencoderCNNLSTMTimeDistributed,5,True,10.17,7.39,1.0,17.54,12.77,1.15,25.03,18.53,0.49000000953674316,17.83,14.26,1.1100000143051147,365
173,AutoencoderCNNLSTMTimeDistributed_seq_true_ver_6,AutoencoderCNNLSTMTimeDistributed,6,True,11.16,7.64,0.99,21.68,16.25,1.309999942779541,12.75,10.27,1.0199999809265137,23.96,19.85,1.3600000143051147,365
174,AutoencoderCNNLSTMTimeDistributed_seq_true_ver_7,AutoencoderCNNLSTMTimeDistributed,7,True,1.54,1.09,1.01,9.61,5.76,1.06,12.12,9.25,1.0800000429153442,24.15,18.45,1.100000023841858,365
175,AutoencoderCNNLSTMTimeDistributed_seq_true_ver_8,AutoencoderCNNLSTMTimeDistributed,8,True,9.53,6.55,0.97,13.57,9.66,0.8,11.74,9.56,1.06,8.57,5.67,0.85,365
176,AutoencoderCNNLSTMTimeDistributed_seq_true_ver_9,AutoencoderCNNLSTMTimeDistributed,9,True,11.97,8.26,0.93,18.22,13.49,0.93,24.43,18.49,0.48,16.73,12.43,0.97,365
177,AutoencoderCNNLSTMTimeDistributed_seq_true_ver_10,AutoencoderCNNLSTMTimeDistributed,10,True,9.79,6.88,1.03,22.79,17.06,1.25,17.24,12.71,0.8500000238418579,21.52,17.0,1.2000000476837158,365
178,AutoencoderCNNLSTMTimeDistributed_seq_true_ver_11,AutoencoderCNNLSTMTimeDistributed,11,True,12.75,8.78,0.98,17.49,12.25,0.9900000095367432,11.88,8.97,1.03,10.83,7.66,0.91,365
179,AutoencoderCNNLSTMTimeDistributed_seq_true_ver_12,AutoencoderCNNLSTMTimeDistributed,12,True,13.08,8.42,1.0099999904632568,12.54,8.32,0.8700000047683716,10.99,8.44,1.0800000429153442,11.39,7.47,0.8199999928474426,365
180,RandomDropoutGRU_seq_true_ver_1,RandomDropoutGRU,1,True,3.14,2.3,1.03,19.62,14.67,1.25,14.21,11.56,1.11,16.45,14.28,1.35,365
181,RandomDropoutGRU_seq_true_ver_2,RandomDropoutGRU,2,True,7.84,5.77,1.0099999904632568,24.5,21.46,1.850000023841858,15.03,11.38,1.0199999809265137,24.87,22.58,2.0,365
182,RandomDropoutGRU_seq_true_ver_3,RandomDropoutGRU,3,True,9.35,6.54,0.9399999976158142,18.21,12.32,0.6399999856948853,25.69,19.64,0.4300000071525574,16.15,10.83,0.6800000071525574,365
183,RandomDropoutGRU_seq_true_ver_4,RandomDropoutGRU,4,True,2.86,2.14,1.0099999904632568,24.19,18.64,1.2200000286102295,13.14,10.57,1.15,16.45,14.05,1.4,365
184,RandomDropoutGRU_seq_true_ver_5,RandomDropoutGRU,5,True,9.66,6.49,1.01,21.76,15.76,0.74,18.4,13.54,0.73,16.28,12.93,1.17,365
185,RandomDropoutGRU_seq_true_ver_6,RandomDropoutGRU,6,True,8.54,5.96,1.0399999618530273,29.81,25.34,2.009999990463257,15.76,12.98,1.19,26.85,24.59,2.15,365
186,RandomDropoutGRU_seq_true_ver_7,RandomDropoutGRU,7,True,8.72,6.38,1.0099999904632568,25.25,22.02,1.7699999809265137,14.69,10.6,0.9200000166893005,22.98,20.85,1.8899999856948853,365
187,RandomDropoutGRU_seq_true_ver_8,RandomDropoutGRU,8,True,8.15,5.81,0.949999988079071,17.81,12.63,0.8399999737739563,22.4,16.52,0.5699999928474426,15.01,10.78,0.9200000166893005,365
188,RandomDropoutGRU_seq_true_ver_9,RandomDropoutGRU,9,True,10.83,6.95,0.9700000286102295,17.28,13.38,1.1200000047683716,18.04,13.04,0.699999988079071,16.56,12.85,1.1399999856948853,365
189,RandomDropoutGRU_seq_true_ver_10,RandomDropoutGRU,10,True,8.76,6.46,1.0399999618530273,58.87,46.53,2.79,13.82,11.37,1.2,30.05,27.46,2.32,365
190,RandomDropoutGRU_seq_true_ver_11,RandomDropoutGRU,11,True,11.58,7.59,1.0,26.34,19.36,1.100000023841858,24.31,19.93,1.09,15.25,12.1,1.18,365
191,RandomDropoutGRU_seq_true_ver_12,RandomDropoutGRU,12,True,9.24,6.18,0.9800000190734863,19.92,15.6,1.2400000095367432,18.79,13.48,0.7099999785423279,15.75,13.06,1.2599999904632568,365
192,AutoencoderRandomDropoutCNN_seq_true_ver_1,AutoencoderRandomDropoutCNN,1,True,6.49,4.46,1.15,16.5,12.27,0.9900000095367432,20.9,16.37,1.02,15.06,11.19,1.0,365
193,AutoencoderRandomDropoutCNN_seq_true_ver_2,AutoencoderRandomDropoutCNN,2,True,3.71,2.52,1.08,19.75,15.57,1.3600000143051147,14.94,12.08,1.0800000429153442,19.64,17.16,1.4199999570846558,365
194,AutoencoderRandomDropoutCNN_seq_true_ver_3,AutoencoderRandomDropoutCNN,3,True,3.29,2.23,0.99,14.98,10.67,0.9800000190734863,10.44,8.2,0.949999988079071,15.18,11.34,1.0099999904632568,365
195,AutoencoderRandomDropoutCNN_seq_true_ver_4,AutoencoderRandomDropoutCNN,4,True,3.08,2.09,0.9800000190734863,11.14,7.58,1.0099999904632568,12.96,9.97,0.800000011920929,10.95,7.48,1.0,365
196,AutoencoderRandomDropoutCNN_seq_true_ver_5,AutoencoderRandomDropoutCNN,5,True,10.92,7.73,0.95,16.01,11.25,0.88,22.58,16.45,0.6100000143051147,14.95,10.8,0.9399999976158142,365
197,AutoencoderRandomDropoutCNN_seq_true_ver_6,AutoencoderRandomDropoutCNN,6,True,12.28,8.18,1.05,16.79,11.73,0.8899999856948853,19.84,15.65,1.090000033378601,15.11,10.48,0.8500000238418579,365
198,AutoencoderRandomDropoutCNN_seq_true_ver_7,AutoencoderRandomDropoutCNN,7,True,4.25,2.92,1.07,13.95,9.85,1.05,11.74,9.29,1.1399999856948853,15.1,11.75,1.100000023841858,365
199,AutoencoderRandomDropoutCNN_seq_true_ver_8,AutoencoderRandomDropoutCNN,8,True,9.68,6.71,0.9,14.97,10.65,0.9100000262260437,14.51,10.76,0.7900000214576721,13.03,8.62,0.8799999952316284,365
200,AutoencoderRandomDropoutCNN_seq_true_ver_9,AutoencoderRandomDropoutCNN,9,True,11.75,7.96,0.99,16.11,11.57,0.9100000262260437,22.38,16.31,0.5799999833106995,14.95,10.79,0.9399999976158142,365
201,AutoencoderRandomDropoutCNN_seq_true_ver_10,AutoencoderRandomDropoutCNN,10,True,9.84,7.04,1.0,16.22,12.02,0.9900000095367432,20.05,14.69,0.800000011920929,14.94,11.24,1.0299999713897705,365
202,AutoencoderRandomDropoutCNN_seq_true_ver_11,AutoencoderRandomDropoutCNN,11,True,13.43,9.13,1.07,16.78,12.45,0.9599999785423279,11.16,8.93,1.0299999713897705,16.19,11.97,0.9599999785423279,365
203,AutoencoderRandomDropoutCNN_seq_true_ver_12,AutoencoderRandomDropoutCNN,12,True,13.88,9.07,1.07,14.24,9.88,1.04,12.54,10.32,1.059999942779541,13.05,9.36,1.0,365
204,AutoencoderRandomDropoutMultiCNN_seq_true_ver_1,AutoencoderRandomDropoutMultiCNN,1,True,7.23,4.98,1.04,16.39,12.68,1.090000033378601,24.11,18.89,0.800000011920929,17.92,13.61,1.149999976158142,365
205,AutoencoderRandomDropoutMultiCNN_seq_true_ver_2,AutoencoderRandomDropoutMultiCNN,2,True,5.97,4.13,1.02,18.39,14.55,1.1799999475479126,23.81,19.54,0.9900000095367432,17.37,12.67,1.2400000095367432,365
206,AutoencoderRandomDropoutMultiCNN_seq_true_ver_3,AutoencoderRandomDropoutMultiCNN,3,True,4.52,3.25,1.05,13.81,9.92,1.15,12.55,10.5,1.06,13.65,10.43,1.11,365
207,AutoencoderRandomDropoutMultiCNN_seq_true_ver_4,AutoencoderRandomDropoutMultiCNN,4,True,4.27,3.13,0.97,8.84,6.38,1.08,11.91,9.79,1.09,8.58,6.06,1.13,365
208,AutoencoderRandomDropoutMultiCNN_seq_true_ver_5,AutoencoderRandomDropoutMultiCNN,5,True,13.27,10.22,1.11,17.05,13.12,1.0399999618530273,22.1,16.26,0.63,14.96,11.08,1.0,365
209,AutoencoderRandomDropoutMultiCNN_seq_true_ver_6,AutoencoderRandomDropoutMultiCNN,6,True,11.8,8.37,1.06,18.24,14.35,1.2899999618530273,21.53,17.75,1.07,16.26,12.7,1.36,365
210,AutoencoderRandomDropoutMultiCNN_seq_true_ver_7,AutoencoderRandomDropoutMultiCNN,7,True,3.83,2.82,0.98,14.48,10.32,0.9900000095367432,11.49,9.24,1.08,13.36,9.39,0.96,365
211,AutoencoderRandomDropoutMultiCNN_seq_true_ver_8,AutoencoderRandomDropoutMultiCNN,8,True,9.86,6.85,1.07,11.79,8.84,1.16,13.7,10.92,1.14,11.31,8.36,1.21,365
212,AutoencoderRandomDropoutMultiCNN_seq_true_ver_9,AutoencoderRandomDropoutMultiCNN,9,True,13.42,10.11,1.1200000047683716,17.95,14.83,1.3600000143051147,19.25,14.61,0.800000011920929,16.93,14.56,1.3899999856948853,365
213,AutoencoderRandomDropoutMultiCNN_seq_true_ver_10,AutoencoderRandomDropoutMultiCNN,10,True,9.28,6.54,1.0,18.23,14.23,1.1399999856948853,20.37,15.97,0.9900000095367432,15.84,12.73,1.1299999952316284,365
214,AutoencoderRandomDropoutMultiCNN_seq_true_ver_11,AutoencoderRandomDropoutMultiCNN,11,True,11.53,7.93,0.9399999976158142,16.29,11.84,0.9599999785423279,13.8,9.74,0.8299999833106995,14.74,11.14,1.0099999904632568,365
215,AutoencoderRandomDropoutMultiCNN_seq_true_ver_12,AutoencoderRandomDropoutMultiCNN,12,True,13.27,8.67,0.98,14.9,10.36,1.03,11.55,8.71,0.94,11.49,8.95,1.15,365
216,AutoencoderRandomDropoutMLPLSTM_seq_true_ver_1,AutoencoderRandomDropoutMLPLSTM,1,True,3.45,2.41,0.97,21.36,16.62,1.16,19.04,13.69,0.6800000071525574,23.93,21.67,1.9700000286102295,365
217,AutoencoderRandomDropoutMLPLSTM_seq_true_ver_2,AutoencoderRandomDropoutMLPLSTM,2,True,2.71,1.93,0.94,17.34,12.64,1.09,19.27,13.81,0.68,20.09,15.87,1.14,365
218,AutoencoderRandomDropoutMLPLSTM_seq_true_ver_3,AutoencoderRandomDropoutMLPLSTM,3,True,1.91,1.49,1.04,10.89,7.74,1.0,12.4,9.38,1.04,10.06,7.63,0.96,365
219,AutoencoderRandomDropoutMLPLSTM_seq_true_ver_4,AutoencoderRandomDropoutMLPLSTM,4,True,2.83,2.16,0.97,10.14,7.16,1.04,12.84,9.45,1.13,7.61,5.96,1.02,365
220,AutoencoderRandomDropoutMLPLSTM_seq_true_ver_5,AutoencoderRandomDropoutMLPLSTM,5,True,9.91,7.06,1.03,21.1,14.55,0.3,11.53,8.82,0.949999988079071,23.23,20.96,1.909999966621399,365
221,AutoencoderRandomDropoutMLPLSTM_seq_true_ver_6,AutoencoderRandomDropoutMLPLSTM,6,True,11.35,7.84,1.05,24.15,18.49,1.1799999475479126,19.05,15.76,1.26,22.52,19.2,1.41,365
222,AutoencoderRandomDropoutMLPLSTM_seq_true_ver_7,AutoencoderRandomDropoutMLPLSTM,7,True,2.55,1.96,1.0,14.65,9.66,1.01,12.44,9.43,0.91,17.74,12.92,1.11,365
223,AutoencoderRandomDropoutMLPLSTM_seq_true_ver_8,AutoencoderRandomDropoutMLPLSTM,8,True,9.8,6.84,0.88,17.58,13.31,0.91,10.31,8.01,0.96,13.85,9.71,0.63,365
224,AutoencoderRandomDropoutMLPLSTM_seq_true_ver_9,AutoencoderRandomDropoutMLPLSTM,9,True,12.65,8.58,0.96,23.71,19.75,1.32,16.88,13.24,1.03,17.24,12.91,0.91,365
225,AutoencoderRandomDropoutMLPLSTM_seq_true_ver_10,AutoencoderRandomDropoutMLPLSTM,10,True,9.65,6.79,1.0,21.43,16.62,1.05,17.67,14.33,1.14,15.52,11.36,1.04,365
226,AutoencoderRandomDropoutMLPLSTM_seq_true_ver_11,AutoencoderRandomDropoutMLPLSTM,11,True,11.82,8.15,0.98,21.0,15.79,1.19,10.49,7.57,1.03,17.74,14.51,1.29,365
227,AutoencoderRandomDropoutMLPLSTM_seq_true_ver_12,AutoencoderRandomDropoutMLPLSTM,12,True,14.09,9.2,0.88,14.81,9.98,0.79,10.41,7.81,0.95,14.29,10.07,0.77,365
228,AutoencoderRandomDropoutMLPGRU_seq_true_ver_1,AutoencoderRandomDropoutMLPGRU,1,True,3.21,2.21,0.94,21.74,15.07,0.26,16.1,12.53,1.0299999713897705,21.23,19.17,1.7699999809265137,365
229,AutoencoderRandomDropoutMLPGRU_seq_true_ver_2,AutoencoderRandomDropoutMLPGRU,2,True,2.34,1.78,0.98,23.19,17.51,1.05,15.76,12.92,1.08,13.15,10.19,1.04,365
230,AutoencoderRandomDropoutMLPGRU_seq_true_ver_3,AutoencoderRandomDropoutMLPGRU,3,True,2.72,1.95,0.96,12.13,8.05,1.0,15.74,12.19,0.71,19.59,15.0,1.16,365
231,AutoencoderRandomDropoutMLPGRU_seq_true_ver_4,AutoencoderRandomDropoutMLPGRU,4,True,3.36,2.6,1.0,10.1,6.96,1.1,13.07,10.09,1.15,16.71,13.41,1.54,365
232,AutoencoderRandomDropoutMLPGRU_seq_true_ver_5,AutoencoderRandomDropoutMLPGRU,5,True,9.79,6.91,0.99,22.0,18.79,1.65,14.33,11.46,1.100000023841858,23.21,21.05,1.909999966621399,365
233,AutoencoderRandomDropoutMLPGRU_seq_true_ver_6,AutoencoderRandomDropoutMLPGRU,6,True,11.75,8.07,0.97,21.54,16.26,1.03,15.6,12.19,1.04,13.88,9.77,0.95,365
234,AutoencoderRandomDropoutMLPGRU_seq_true_ver_7,AutoencoderRandomDropoutMLPGRU,7,True,2.03,1.45,1.0,12.11,7.59,1.06,11.17,8.66,0.8899999856948853,19.93,15.78,1.2799999713897705,365
235,AutoencoderRandomDropoutMLPGRU_seq_true_ver_8,AutoencoderRandomDropoutMLPGRU,8,True,9.68,6.9,1.04,15.35,11.82,1.23,11.91,8.75,1.09,17.49,14.55,1.39,365
236,AutoencoderRandomDropoutMLPGRU_seq_true_ver_9,AutoencoderRandomDropoutMLPGRU,9,True,12.19,8.18,1.0,19.82,15.34,1.34,16.38,13.24,1.16,16.65,14.44,1.39,365
237,AutoencoderRandomDropoutMLPGRU_seq_true_ver_10,AutoencoderRandomDropoutMLPGRU,10,True,9.92,7.07,1.02,22.41,17.27,1.1399999856948853,15.73,12.77,1.12,14.7,10.97,1.11,365
238,AutoencoderRandomDropoutMLPGRU_seq_true_ver_11,AutoencoderRandomDropoutMLPGRU,11,True,12.61,8.66,0.99,15.39,11.13,1.1299999952316284,10.2,7.43,1.0,24.59,21.14,1.32,365
239,AutoencoderRandomDropoutMLPGRU_seq_true_ver_12,AutoencoderRandomDropoutMLPGRU,12,True,11.63,7.88,1.0099999904632568,17.36,12.99,0.98,11.79,8.61,1.09,13.31,9.74,0.9,365
240,ResNetLSTM_seq_true_ver_1,ResNetLSTM,1,True,0.08,0.04,1.0,17.43,12.77,0.83,21.36,15.47,0.65,15.92,11.73,1.06,365
241,ResNetLSTM_seq_true_ver_2,ResNetLSTM,2,True,0.12,0.06,1.0,17.31,11.91,0.84,23.29,17.93,0.57,15.64,11.74,0.9,365
242,ResNetLSTM_seq_true_ver_3,ResNetLSTM,3,True,0.35,0.31,0.99,16.46,11.75,0.88,20.04,14.87,0.69,16.89,12.06,0.8,365
243,ResNetLSTM_seq_true_ver_4,ResNetLSTM,4,True,0.09,0.05,1.0,17.92,13.68,1.04,15.92,12.7,0.98,17.47,13.97,1.14,365
244,ResNetLSTM_seq_true_ver_5,ResNetLSTM,5,True,9.97,7.0,0.99,17.44,12.73,0.83,20.8,15.81,0.6,15.86,12.07,0.88,365
245,ResNetLSTM_seq_true_ver_6,ResNetLSTM,6,True,11.55,7.88,0.97,17.57,12.49,0.81,22.03,16.3,0.6,16.25,11.49,0.83,365
246,ResNetLSTM_seq_true_ver_7,ResNetLSTM,7,True,0.88,0.28,1.0,15.85,11.25,0.87,20.24,15.69,0.75,17.25,12.36,0.87,365
247,ResNetLSTM_seq_true_ver_8,ResNetLSTM,8,True,10.08,7.05,1.01,19.32,15.24,1.06,18.75,13.64,0.85,20.02,15.31,1.17,365
248,ResNetLSTM_seq_true_ver_9,ResNetLSTM,9,True,13.4,9.07,0.98,18.66,13.06,0.68,22.88,17.85,0.63,16.63,12.21,0.94,365
249,ResNetLSTM_seq_true_ver_10,ResNetLSTM,10,True,10.14,7.16,0.96,18.62,13.43,0.81,21.05,15.51,0.62,16.59,11.98,0.87,365
250,ResNetLSTM_seq_true_ver_11,ResNetLSTM,11,True,12.9,8.88,0.97,17.01,11.82,0.79,21.48,15.35,0.67,17.76,13.08,0.8,365
251,ResNetLSTM_seq_true_ver_12,ResNetLSTM,12,True,13.45,8.83,0.98,18.27,12.69,0.75,20.14,15.93,1.16,19.48,14.75,0.75,365
252,ResNetClassification_seq_true_ver_1,ResNetClassification,1,True,0.42,0.01,1.0,0.42,0.01,1.0,30.09,24.6,0.33,20.15,15.05,0.4,365
253,ResNetClassification_seq_true_ver_2,ResNetClassification,2,True,0.03,0.0,1.0,0.03,0.0,1.0,28.11,22.1,0.39,17.63,12.42,0.67,365
254,ResNetClassification_seq_true_ver_3,ResNetClassification,3,True,0.35,0.01,1.0,0.35,0.01,1.0,27.45,20.62,0.5,17.07,11.31,0.72,365
255,ResNetClassification_seq_true_ver_4,ResNetClassification,4,True,0.37,0.01,1.0,0.37,0.01,1.0,28.36,21.18,0.47,17.99,12.29,0.63,365
256,BidirectionalLSTM_seq_false_ver_1,BidirectionalLSTM,1,False,11.45,7.23,1.0499999523162842,73.71,65.23,4.17,36.22,29.25,1.82,81.61,78.26,4.87,365
257,BidirectionalLSTM_seq_false_ver_2,BidirectionalLSTM,2,False,34.84,19.52,1.63,61.96,50.1,2.89,19.94,15.31,0.66,76.8,71.29,4.17,365
258,BidirectionalLSTM_seq_false_ver_3,BidirectionalLSTM,3,False,61.53,47.96,2.85,37.87,25.78,1.34,15.18,11.34,0.76,32.49,25.76,1.45,365
259,BidirectionalLSTM_seq_false_ver_4,BidirectionalLSTM,4,False,37.66,25.8,2.11,17.41,12.43,0.8700000047683716,50.89,44.77,2.33,84.9,83.58,5.3,365
260,BidirectionalLSTM_seq_false_ver_5,BidirectionalLSTM,5,False,33.48,17.94,1.56,47.4,35.33,1.39,41.02,34.12,1.36,49.45,37.34,1.47,365
261,BidirectionalLSTM_seq_false_ver_6,BidirectionalLSTM,6,False,35.96,20.97,1.6,66.11,55.93,3.24,13.84,10.51,0.84,69.28,60.66,3.68,365
262,BidirectionalLSTM_seq_false_ver_7,BidirectionalLSTM,7,False,15.51,10.49,1.25,54.18,41.84,2.0,45.32,39.6,1.28,54.17,42.09,1.83,365
263,BidirectionalLSTM_seq_false_ver_8,BidirectionalLSTM,8,False,22.58,16.68,1.67,80.94,76.37,4.64,58.2,53.64,2.59,84.9,83.58,5.3,365
264,BidirectionalLSTM_seq_false_ver_9,BidirectionalLSTM,9,False,12.22,7.88,0.8199999928474426,19.25,13.88,0.8199999928474426,25.74,20.04,0.75,13.85,9.79,0.9599999785423279,365
265,BidirectionalLSTM_seq_false_ver_10,BidirectionalLSTM,10,False,46.92,29.18,2.12,65.34,53.89,3.25,34.42,26.84,1.66,78.93,74.08,4.55,365
266,BidirectionalLSTM_seq_false_ver_11,BidirectionalLSTM,11,False,73.3,63.94,3.9,44.35,31.63,1.2,53.11,47.48,0.71,49.64,37.52,1.53,365
267,BidirectionalLSTM_seq_false_ver_12,BidirectionalLSTM,12,False,26.98,20.83,0.0,26.98,20.83,0.0,37.41,33.68,0.0,24.49,19.42,0.0,365
268,CNNLSTM_seq_false_ver_1,CNNLSTM,1,False,12.04,8.34,1.0700000524520874,19.15,14.54,0.9599999785423279,25.27,18.55,0.47999998927116394,18.03,14.73,0.8600000143051147,365
269,CNNLSTM_seq_false_ver_2,CNNLSTM,2,False,10.48,7.07,1.12,17.15,14.25,1.2799999713897705,25.16,20.14,0.7200000286102295,21.46,18.23,1.340000033378601,365
270,CNNLSTM_seq_false_ver_3,CNNLSTM,3,False,8.28,4.77,1.06,17.17,13.04,1.0700000524520874,22.11,16.02,0.7400000095367432,14.52,10.81,1.090000033378601,365
271,CNNLSTM_seq_false_ver_4,CNNLSTM,4,False,11.28,6.02,1.0,16.82,13.04,1.0700000524520874,19.85,14.43,0.6800000071525574,15.16,11.91,1.149999976158142,365
272,CNNLSTM_seq_false_ver_5,CNNLSTM,5,False,12.51,8.84,1.0399999618530273,16.48,12.1,0.949999988079071,23.88,18.13,0.6600000262260437,15.19,11.08,0.9599999785423279,365
273,CNNLSTM_seq_false_ver_6,CNNLSTM,6,False,12.11,8.67,0.9700000286102295,16.18,12.1,1.0,22.76,17.77,0.7699999809265137,15.29,11.59,1.059999942779541,365
274,CNNLSTM_seq_false_ver_7,CNNLSTM,7,False,10.57,5.94,1.0700000524520874,17.4,14.18,1.2000000476837158,16.78,13.03,0.949999988079071,15.41,12.36,1.2100000381469727,365
275,CNNLSTM_seq_false_ver_8,CNNLSTM,8,False,13.72,9.24,1.0099999904632568,16.88,12.58,1.0,21.56,15.66,0.5799999833106995,15.32,11.6,1.0700000524520874,365
276,CNNLSTM_seq_false_ver_9,CNNLSTM,9,False,15.87,11.28,1.1299999952316284,17.06,13.6,1.190000057220459,21.8,16.74,0.7699999809265137,17.18,14.05,1.2899999618530273,365
277,CNNLSTM_seq_false_ver_10,CNNLSTM,10,False,12.09,8.83,1.090000033378601,20.22,16.83,1.5299999713897705,22.71,17.98,1.0299999713897705,20.36,17.73,1.649999976158142,365
278,CNNLSTM_seq_false_ver_11,CNNLSTM,11,False,14.32,9.65,1.0,18.76,15.52,1.4700000286102295,21.42,15.29,0.6299999952316284,19.49,16.0,1.4500000476837158,365
279,CNNLSTM_seq_false_ver_12,CNNLSTM,12,False,12.94,8.82,1.0199999809265137,18.8,15.59,1.2599999904632568,14.48,10.63,0.949999988079071,16.23,13.63,1.1799999475479126,365
280,GRU_seq_false_ver_1,GRU,1,False,12.41,7.43,1.13,73.59,69.08,4.54,51.23,47.11,2.4,78.39,76.57,4.94,365
281,GRU_seq_false_ver_2,GRU,2,False,10.59,7.03,1.09,77.39,71.33,4.47,51.22,45.63,2.35,84.9,83.58,5.3,365
282,GRU_seq_false_ver_3,GRU,3,False,8.49,5.74,0.9599999785423279,22.5,15.83,0.2800000011920929,30.18,22.99,0.3400000035762787,20.84,14.97,0.25,365
283,GRU_seq_false_ver_4,GRU,4,False,9.66,6.41,0.9800000190734863,19.98,17.29,1.4700000286102295,16.3,11.79,0.8700000047683716,19.09,16.97,1.600000023841858,365
284,GRU_seq_false_ver_5,GRU,5,False,12.13,8.04,0.9,19.31,13.96,0.9300000071525574,23.66,17.8,0.5699999928474426,21.02,15.48,0.8600000143051147,365
285,GRU_seq_false_ver_6,GRU,6,False,10.26,7.26,0.99,28.84,22.0,1.8799999952316284,26.04,20.63,1.22,23.98,16.84,1.67,365
286,GRU_seq_false_ver_7,GRU,7,False,9.48,5.66,0.949999988079071,21.28,16.88,1.409999966621399,23.16,17.84,0.6600000262260437,24.41,18.28,1.399999976158142,365
287,GRU_seq_false_ver_8,GRU,8,False,34.35,25.38,0.93,27.01,20.82,0.0,33.68,29.63,0.17,24.92,19.98,0.12,365
288,GRU_seq_false_ver_9,GRU,9,False,12.53,8.66,0.9599999785423279,17.57,12.84,0.9599999785423279,25.1,18.56,0.47999998927116394,16.87,12.7,1.0299999713897705,365
289,GRU_seq_false_ver_10,GRU,10,False,11.41,8.14,1.159999966621399,25.26,19.32,1.2899999618530273,33.42,29.24,0.8999999761581421,24.12,18.42,1.2999999523162842,365
290,GRU_seq_false_ver_11,GRU,11,False,11.48,8.0,0.9599999785423279,22.01,15.68,1.149999976158142,25.79,19.56,0.5899999737739563,19.46,15.28,1.3300000429153442,365
291,GRU_seq_false_ver_12,GRU,12,False,12.6,8.39,0.9800000190734863,19.23,14.59,1.0199999809265137,22.33,15.93,0.6100000143051147,17.04,13.1,1.0700000524520874,365
292,LSTM_seq_false_ver_1,LSTM,1,False,30.75,16.14,1.52,52.73,40.8,2.52,39.91,35.16,1.85,57.28,44.08,2.31,365
293,LSTM_seq_false_ver_2,LSTM,2,False,53.57,35.84,2.54,81.21,77.88,4.86,56.66,51.71,2.26,83.67,81.56,5.17,365
294,LSTM_seq_false_ver_3,LSTM,3,False,74.05,64.51,4.0,82.87,80.53,4.84,71.2,69.32,3.06,84.9,83.58,5.3,365
295,LSTM_seq_false_ver_4,LSTM,4,False,39.31,28.76,0.86,52.16,40.25,1.71,37.41,33.68,0.0,53.15,41.03,2.45,365
296,LSTM_seq_false_ver_5,LSTM,5,False,15.19,8.07,1.15,70.51,63.0,4.21,27.2,22.96,1.26,71.82,68.77,4.54,365
297,LSTM_seq_false_ver_6,LSTM,6,False,84.49,82.9,5.12,84.49,82.9,5.12,71.2,69.32,3.06,84.9,83.58,5.3,365
298,LSTM_seq_false_ver_7,LSTM,7,False,83.69,82.02,4.91,64.37,54.24,2.8,71.2,69.32,3.06,65.52,55.27,2.7,365
299,LSTM_seq_false_ver_8,LSTM,8,False,37.4,27.34,0.56,52.97,41.11,1.61,37.41,33.68,0.0,52.85,40.72,2.29,365
300,LSTM_seq_false_ver_9,LSTM,9,False,13.53,8.78,0.88,25.99,19.12,0.57,40.2,35.43,0.9,21.25,15.7,0.44,365
301,LSTM_seq_false_ver_10,LSTM,10,False,84.47,82.88,5.12,84.47,82.88,5.12,71.2,69.32,3.06,84.9,83.58,5.3,365
302,LSTM_seq_false_ver_11,LSTM,11,False,30.44,18.61,0.94,35.26,25.32,1.08,53.24,47.62,0.92,31.02,23.16,1.16,365
303,LSTM_seq_false_ver_12,LSTM,12,False,26.98,20.83,0.0,26.98,20.83,0.0,37.41,33.68,0.0,24.49,19.42,0.0,365
304,TimeDistributedCNNLSTM_seq_false_ver_1,TimeDistributedCNNLSTM,1,False,10.14,6.98,1.100000023841858,20.39,14.87,0.6,30.02,22.58,0.54,20.32,14.79,0.49,365
305,TimeDistributedCNNLSTM_seq_false_ver_2,TimeDistributedCNNLSTM,2,False,9.71,6.61,1.1100000143051147,16.97,13.26,1.0299999713897705,24.1,20.93,1.0700000524520874,18.44,14.07,1.0499999523162842,365
306,TimeDistributedCNNLSTM_seq_false_ver_3,TimeDistributedCNNLSTM,3,False,10.43,5.95,1.08,21.34,16.27,1.16,18.59,13.21,0.73,19.15,16.31,1.08,365
307,TimeDistributedCNNLSTM_seq_false_ver_4,TimeDistributedCNNLSTM,4,False,14.85,8.62,1.159999966621399,17.91,14.8,1.25,23.1,16.77,0.6200000047683716,15.08,12.69,1.2899999618530273,365
308,TimeDistributedCNNLSTM_seq_false_ver_5,TimeDistributedCNNLSTM,5,False,12.53,8.98,1.06,24.19,19.38,0.98,26.38,20.25,0.77,16.73,12.29,1.01,365
309,TimeDistributedCNNLSTM_seq_false_ver_6,TimeDistributedCNNLSTM,6,False,12.13,9.1,1.1100000143051147,19.36,16.43,1.4900000095367432,22.19,18.8,1.0099999904632568,19.16,16.85,1.5800000429153442,365
310,TimeDistributedCNNLSTM_seq_false_ver_7,TimeDistributedCNNLSTM,7,False,11.84,6.86,1.07,17.83,12.47,0.8500000238418579,20.03,14.7,0.6499999761581421,16.93,11.94,0.8299999833106995,365
311,TimeDistributedCNNLSTM_seq_false_ver_8,TimeDistributedCNNLSTM,8,False,13.1,8.64,1.0299999713897705,16.75,12.4,1.0,23.79,16.96,0.6700000166893005,13.89,10.06,0.9700000286102295,365
312,TimeDistributedCNNLSTM_seq_false_ver_9,TimeDistributedCNNLSTM,9,False,13.8,10.13,1.0700000524520874,19.91,16.22,1.2100000381469727,25.75,19.66,0.74,20.27,15.34,1.19,365
313,TimeDistributedCNNLSTM_seq_false_ver_10,TimeDistributedCNNLSTM,10,False,11.98,9.01,1.14,21.04,17.16,1.4600000381469727,21.6,18.25,1.159999966621399,17.57,14.71,1.5,365
314,TimeDistributedCNNLSTM_seq_false_ver_11,TimeDistributedCNNLSTM,11,False,14.07,9.28,1.0,17.91,13.03,0.95,20.76,15.06,0.6399999856948853,15.73,11.28,0.8999999761581421,365
315,TimeDistributedCNNLSTM_seq_false_ver_12,TimeDistributedCNNLSTM,12,False,13.6,8.75,0.949999988079071,17.12,12.23,0.9100000262260437,20.77,14.37,0.6800000071525574,13.38,9.18,0.9300000071525574,365
316,CNN_seq_false_ver_1,CNN,1,False,8.71,5.52,1.01,22.28,17.8,0.76,29.53,21.99,0.66,20.93,16.1,0.76,365
317,CNN_seq_false_ver_2,CNN,2,False,10.36,6.89,1.02,77.62,71.81,4.55,20.06,16.32,1.06,83.51,81.58,5.2,365
318,CNN_seq_false_ver_3,CNN,3,False,11.1,6.42,0.9800000190734863,40.11,27.32,1.93,20.73,15.45,0.5699999928474426,15.92,11.0,0.7900000214576721,365
319,CNN_seq_false_ver_4,CNN,4,False,10.37,5.91,0.9900000095367432,17.06,12.39,0.949999988079071,23.03,16.76,0.6100000143051147,15.18,10.94,0.949999988079071,365
320,CNN_seq_false_ver_5,CNN,5,False,12.16,8.65,1.059999942779541,17.62,14.12,1.159999966621399,25.11,19.02,0.699999988079071,19.64,14.89,1.2200000286102295,365
321,CNN_seq_false_ver_6,CNN,6,False,12.0,8.71,1.0499999523162842,21.62,17.52,1.04,20.18,16.92,1.07,16.24,12.52,0.93,365
322,CNN_seq_false_ver_7,CNN,7,False,11.11,6.77,1.0299999713897705,16.51,12.19,0.9900000095367432,18.53,13.73,0.6800000071525574,15.25,11.32,1.0,365
323,CNN_seq_false_ver_8,CNN,8,False,12.2,8.6,1.13,16.87,12.95,1.0499999523162842,19.55,13.59,0.75,14.25,10.88,1.059999942779541,365
324,CNN_seq_false_ver_9,CNN,9,False,12.55,9.11,1.0399999618530273,19.05,14.74,1.2599999904632568,19.41,14.41,0.8700000047683716,17.39,12.57,1.2200000286102295,365
325,CNN_seq_false_ver_10,CNN,10,False,12.04,8.74,1.0499999523162842,20.4,16.96,1.4900000095367432,17.39,13.56,1.0299999713897705,22.42,19.3,1.4199999570846558,365
326,CNN_seq_false_ver_11,CNN,11,False,13.06,8.92,1.0299999713897705,16.61,12.24,0.9700000286102295,20.84,15.29,0.6800000071525574,14.65,10.5,0.9800000190734863,365
327,CNN_seq_false_ver_12,CNN,12,False,14.92,10.58,1.05,18.92,14.83,1.0700000524520874,31.92,23.02,0.41,19.13,16.35,1.17,365
328,MultiCNN_seq_false_ver_1,MultiCNN,1,False,12.68,8.55,0.95,16.85,12.0,0.8600000143051147,22.46,15.99,0.6000000238418579,15.32,10.69,0.8500000238418579,365
329,MultiCNN_seq_false_ver_2,MultiCNN,2,False,12.34,8.27,1.0,18.23,14.38,1.149999976158142,21.63,15.82,0.699999988079071,15.64,11.61,1.090000033378601,365
330,MultiCNN_seq_false_ver_3,MultiCNN,3,False,10.95,6.21,1.0099999904632568,34.69,24.86,1.74,17.03,12.44,0.8,21.47,16.03,0.94,365
331,MultiCNN_seq_false_ver_4,MultiCNN,4,False,10.24,5.63,1.04,13.9,10.27,1.09,15.55,10.88,0.84,21.88,16.8,1.12,365
332,MultiCNN_seq_false_ver_5,MultiCNN,5,False,15.37,11.21,1.0099999904632568,20.1,14.09,0.6600000262260437,27.48,20.46,0.41999998688697815,19.07,13.87,0.5699999928474426,365
333,MultiCNN_seq_false_ver_6,MultiCNN,6,False,13.66,9.47,0.9700000286102295,18.29,13.72,0.8999999761581421,21.81,16.06,0.6200000047683716,14.9,10.63,0.9100000262260437,365
334,MultiCNN_seq_false_ver_7,MultiCNN,7,False,11.84,6.57,0.9900000095367432,20.56,15.54,1.01,18.86,13.37,0.72,22.41,17.75,0.99,365
335,MultiCNN_seq_false_ver_8,MultiCNN,8,False,13.0,8.61,1.0,24.96,18.75,1.06,18.11,13.18,0.84,27.65,19.81,1.21,365
336,MultiCNN_seq_false_ver_9,MultiCNN,9,False,14.61,10.7,1.0199999809265137,17.43,12.31,0.7699999809265137,22.96,16.75,0.5600000023841858,15.84,10.58,0.7400000095367432,365
337,MultiCNN_seq_false_ver_10,MultiCNN,10,False,14.78,10.59,1.0099999904632568,17.18,12.3,0.8199999928474426,22.35,16.01,0.6100000143051147,15.54,10.87,0.8299999833106995,365
338,MultiCNN_seq_false_ver_11,MultiCNN,11,False,14.23,9.49,1.0199999809265137,19.87,14.5,1.01,21.06,15.61,0.62,18.37,13.1,0.97,365
339,MultiCNN_seq_false_ver_12,MultiCNN,12,False,13.84,8.93,0.9700000286102295,18.01,13.56,0.94,18.63,13.17,0.75,14.37,10.52,0.949999988079071,365
340,MLP_seq_false_ver_1,MLP,1,False,7.23,4.28,0.98,17.91,14.44,1.23,24.08,17.91,0.6700000166893005,16.08,12.75,1.2799999713897705,365
341,MLP_seq_false_ver_2,MLP,2,False,11.6,6.67,1.01,23.32,20.08,1.7899999618530273,20.08,15.83,0.9599999785423279,24.39,21.75,1.8600000143051147,365
342,MLP_seq_false_ver_3,MLP,3,False,8.52,4.88,1.0499999523162842,18.63,14.41,1.090000033378601,17.8,13.15,1.0,14.2,10.65,1.1100000143051147,365
343,MLP_seq_false_ver_4,MLP,4,False,10.5,6.09,1.0399999618530273,16.67,12.58,1.1100000143051147,22.01,16.97,0.6700000166893005,15.45,12.47,1.2699999809265137,365
344,MLP_seq_false_ver_5,MLP,5,False,9.82,7.01,1.04,22.51,18.57,1.6299999952316284,23.63,19.87,1.090000033378601,23.87,19.66,1.6699999570846558,365
345,MLP_seq_false_ver_6,MLP,6,False,13.37,9.1,0.99,26.44,22.44,1.9299999475479126,20.02,16.65,1.1200000047683716,32.01,29.43,2.430000066757202,365
346,MLP_seq_false_ver_7,MLP,7,False,9.96,5.22,1.0,16.49,11.43,1.0299999713897705,18.68,13.41,0.9599999785423279,15.55,11.16,1.0800000429153442,365
347,MLP_seq_false_ver_8,MLP,8,False,12.95,9.0,1.0399999618530273,18.83,14.24,0.9700000286102295,25.41,18.88,0.5799999833106995,19.05,15.51,1.0199999809265137,365
348,MLP_seq_false_ver_9,MLP,9,False,13.25,9.33,1.1200000047683716,25.33,20.09,1.600000023841858,24.66,21.0,1.2899999618530273,28.91,24.25,1.9900000095367432,365
349,MLP_seq_false_ver_10,MLP,10,False,12.5,8.46,1.0,18.63,14.05,1.309999942779541,18.65,14.8,1.159999966621399,35.93,33.28,2.630000114440918,365
350,MLP_seq_false_ver_11,MLP,11,False,12.72,8.62,0.9900000095367432,16.91,12.06,1.090000033378601,16.92,12.12,0.9300000071525574,19.39,13.82,1.2799999713897705,365
351,MLP_seq_false_ver_12,MLP,12,False,13.05,8.68,0.9700000286102295,17.11,12.74,0.9700000286102295,15.3,11.4,0.9700000286102295,18.13,14.42,1.5299999713897705,365
352,AutoencoderMLP_seq_false_ver_1,AutoencoderMLP,1,False,8.05,4.87,1.0199999809265137,18.09,15.43,1.440000057220459,19.89,15.0,0.6800000071525574,17.11,13.71,1.1399999856948853,365
353,AutoencoderMLP_seq_false_ver_2,AutoencoderMLP,2,False,11.1,7.09,1.1100000143051147,23.99,20.44,1.6699999570846558,23.5,19.77,1.0399999618530273,25.56,22.21,1.8200000524520874,365
354,AutoencoderMLP_seq_false_ver_3,AutoencoderMLP,3,False,10.52,5.74,1.059999942779541,18.84,15.17,1.340000033378601,19.76,15.01,0.8899999856948853,16.33,12.6,1.2999999523162842,365
355,AutoencoderMLP_seq_false_ver_4,AutoencoderMLP,4,False,10.94,7.23,1.1399999856948853,18.75,15.31,1.2400000095367432,24.29,18.58,0.7599999904632568,17.16,14.47,1.2899999618530273,365
356,AutoencoderMLP_seq_false_ver_5,AutoencoderMLP,5,False,11.46,7.66,1.0,19.71,15.34,1.2300000190734863,24.09,17.55,0.550000011920929,18.16,13.85,1.3200000524520874,365
357,AutoencoderMLP_seq_false_ver_6,AutoencoderMLP,6,False,13.7,9.18,1.0199999809265137,24.06,18.77,1.4800000190734863,21.33,16.99,1.0299999713897705,23.12,18.01,1.559999942779541,365
358,AutoencoderMLP_seq_false_ver_7,AutoencoderMLP,7,False,11.13,5.98,1.0199999809265137,21.36,16.73,1.2899999618530273,19.78,14.13,0.7699999809265137,21.04,16.93,1.340000033378601,365
359,AutoencoderMLP_seq_false_ver_8,AutoencoderMLP,8,False,13.35,8.66,1.0199999809265137,18.24,14.38,1.1699999570846558,19.36,14.41,0.8299999833106995,15.57,12.49,1.2000000476837158,365
360,AutoencoderMLP_seq_false_ver_9,AutoencoderMLP,9,False,13.69,9.16,1.02,16.86,12.7,1.090000033378601,28.11,23.06,1.090000033378601,15.99,12.01,1.0399999618530273,365
361,AutoencoderMLP_seq_false_ver_10,AutoencoderMLP,10,False,13.33,9.42,1.059999942779541,23.06,18.63,1.5,25.45,20.58,1.0399999618530273,18.23,13.57,1.3300000429153442,365
362,AutoencoderMLP_seq_false_ver_11,AutoencoderMLP,11,False,14.22,9.43,0.9700000286102295,17.68,13.56,1.0800000429153442,18.26,12.64,0.7200000286102295,14.79,10.78,1.090000033378601,365
363,AutoencoderMLP_seq_false_ver_12,AutoencoderMLP,12,False,13.03,8.88,1.0499999523162842,15.03,10.07,1.0099999904632568,20.31,14.39,0.8500000238418579,16.02,10.72,0.9100000262260437,365
364,AutoencoderRandomDropoutMLP_seq_false_ver_1,AutoencoderRandomDropoutMLP,1,False,8.41,4.9,1.0,21.37,18.29,1.69,18.92,15.03,1.0,22.3,20.22,1.8600000143051147,365
365,AutoencoderRandomDropoutMLP_seq_false_ver_2,AutoencoderRandomDropoutMLP,2,False,11.62,6.96,1.03,23.92,20.24,1.7999999523162842,21.04,16.89,1.0700000524520874,23.94,21.97,2.009999990463257,365
366,AutoencoderRandomDropoutMLP_seq_false_ver_3,AutoencoderRandomDropoutMLP,3,False,10.11,5.67,1.0399999618530273,17.13,12.86,1.2100000381469727,18.0,13.03,0.9200000166893005,14.7,10.73,1.309999942779541,365
367,AutoencoderRandomDropoutMLP_seq_false_ver_4,AutoencoderRandomDropoutMLP,4,False,10.19,5.7,1.02,19.39,14.99,1.100000023841858,24.04,16.95,0.6600000262260437,17.3,14.13,1.1100000143051147,365
368,AutoencoderRandomDropoutMLP_seq_false_ver_5,AutoencoderRandomDropoutMLP,5,False,11.22,7.81,1.0299999713897705,20.79,15.71,1.31,19.73,13.96,0.66,15.64,12.96,1.26,365
369,AutoencoderRandomDropoutMLP_seq_false_ver_6,AutoencoderRandomDropoutMLP,6,False,13.99,9.65,1.01,17.86,14.75,1.3300000429153442,16.62,11.99,0.8600000143051147,16.84,14.62,1.4199999570846558,365
370,AutoencoderRandomDropoutMLP_seq_false_ver_7,AutoencoderRandomDropoutMLP,7,False,11.09,6.49,1.0199999809265137,19.97,16.19,1.3300000429153442,19.76,14.91,0.8299999833106995,17.22,14.1,1.3200000524520874,365
371,AutoencoderRandomDropoutMLP_seq_false_ver_8,AutoencoderRandomDropoutMLP,8,False,12.7,8.37,1.0499999523162842,18.82,14.91,1.1699999570846558,20.36,14.56,0.800000011920929,15.76,12.88,1.2699999809265137,365
372,AutoencoderRandomDropoutMLP_seq_false_ver_9,AutoencoderRandomDropoutMLP,9,False,12.25,8.61,1.0099999904632568,20.48,15.13,1.13,21.13,15.84,0.8,15.31,12.39,1.2,365
373,AutoencoderRandomDropoutMLP_seq_false_ver_10,AutoencoderRandomDropoutMLP,10,False,12.85,8.61,1.0,19.6,16.1,1.440000057220459,11.64,8.63,0.9599999785423279,15.86,13.71,1.4199999570846558,365
374,AutoencoderRandomDropoutMLP_seq_false_ver_11,AutoencoderRandomDropoutMLP,11,False,14.42,9.55,0.97,18.0,14.21,1.1799999475479126,20.69,14.94,0.6899999976158142,16.07,13.48,1.3200000524520874,365
375,AutoencoderRandomDropoutMLP_seq_false_ver_12,AutoencoderRandomDropoutMLP,12,False,13.59,9.04,1.0,19.11,13.92,0.8999999761581421,19.34,13.28,0.77,15.44,11.8,1.08,365
376,RandomDropoutLSTM_seq_false_ver_1,RandomDropoutLSTM,1,False,10.12,6.98,0.99,23.23,16.61,0.9,29.69,25.1,1.15,14.12,10.28,0.97,365
377,RandomDropoutLSTM_seq_false_ver_2,RandomDropoutLSTM,2,False,44.15,26.12,2.0,78.84,74.46,4.64,34.66,31.27,1.9,80.69,79.28,5.08,365
378,RandomDropoutLSTM_seq_false_ver_3,RandomDropoutLSTM,3,False,11.04,7.78,1.0099999904632568,17.99,12.03,0.6700000166893005,24.7,18.22,0.5199999809265137,16.12,10.81,0.6899999976158142,365
379,RandomDropoutLSTM_seq_false_ver_4,RandomDropoutLSTM,4,False,46.57,34.81,1.42,56.71,45.05,2.0,66.34,62.09,1.78,43.15,31.91,1.43,365
380,RandomDropoutLSTM_seq_false_ver_5,RandomDropoutLSTM,5,False,19.59,10.41,1.02,17.23,11.65,0.7099999785423279,25.77,20.96,1.1,17.4,12.86,0.95,365
381,RandomDropoutLSTM_seq_false_ver_6,RandomDropoutLSTM,6,False,20.08,10.39,1.18,54.78,43.29,2.28,30.43,25.48,1.57,42.36,33.18,2.48,365
382,RandomDropoutLSTM_seq_false_ver_7,RandomDropoutLSTM,7,False,79.76,75.78,4.46,59.72,48.64,2.66,71.2,69.32,3.06,57.28,45.51,2.34,365
383,RandomDropoutLSTM_seq_false_ver_8,RandomDropoutLSTM,8,False,27.03,20.85,0.0,46.29,34.56,1.24,37.41,33.68,0.0,51.05,38.92,1.98,365
384,RandomDropoutLSTM_seq_false_ver_9,RandomDropoutLSTM,9,False,12.15,7.86,1.03,26.67,19.16,1.52,30.79,24.73,1.59,22.15,17.49,1.54,365
385,RandomDropoutLSTM_seq_false_ver_10,RandomDropoutLSTM,10,False,28.15,16.78,1.51,40.2,31.2,1.85,26.18,22.0,1.25,29.64,24.86,2.1,365
386,RandomDropoutLSTM_seq_false_ver_11,RandomDropoutLSTM,11,False,83.6,81.91,4.9,83.6,81.88,4.89,71.2,69.32,3.06,84.88,83.56,5.3,365
387,RandomDropoutLSTM_seq_false_ver_12,RandomDropoutLSTM,12,False,26.98,20.83,0.0,26.98,20.83,0.0,37.41,33.68,0.0,24.49,19.42,0.0,365
388,AutoencoderRandomDropoutBidirectionalLSTM_seq_false_ver_1,AutoencoderRandomDropoutBidirectionalLSTM,1,False,25.05,19.24,0.01,25.39,19.44,0.0,37.4,33.67,0.0,24.49,19.41,0.0,365
389,AutoencoderRandomDropoutBidirectionalLSTM_seq_false_ver_2,AutoencoderRandomDropoutBidirectionalLSTM,2,False,25.38,13.08,1.32,72.5,63.42,4.1,12.17,8.58,0.95,81.79,80.65,5.15,365
390,AutoencoderRandomDropoutBidirectionalLSTM_seq_false_ver_3,AutoencoderRandomDropoutBidirectionalLSTM,3,False,16.73,12.74,1.3700000047683716,28.98,18.85,1.44,13.4,9.93,0.8299999833106995,22.67,18.03,1.3799999952316284,365
391,AutoencoderRandomDropoutBidirectionalLSTM_seq_false_ver_4,AutoencoderRandomDropoutBidirectionalLSTM,4,False,10.37,7.8,1.1299999952316284,24.13,19.09,1.6100000143051147,16.53,14.23,1.340000033378601,23.84,19.49,1.809999942779541,365
392,AutoencoderRandomDropoutBidirectionalLSTM_seq_false_ver_5,AutoencoderRandomDropoutBidirectionalLSTM,5,False,20.39,10.91,1.23,34.9,24.73,0.74,39.19,32.87,1.95,29.5,19.76,1.05,365
393,AutoencoderRandomDropoutBidirectionalLSTM_seq_false_ver_6,AutoencoderRandomDropoutBidirectionalLSTM,6,False,28.45,15.7,1.37,38.05,26.95,1.39,14.15,10.45,0.8,26.03,19.81,1.72,365
394,AutoencoderRandomDropoutBidirectionalLSTM_seq_false_ver_7,AutoencoderRandomDropoutBidirectionalLSTM,7,False,53.37,39.94,2.62,51.64,37.47,2.04,22.34,18.03,1.4,57.37,44.65,2.11,365
395,AutoencoderRandomDropoutBidirectionalLSTM_seq_false_ver_8,AutoencoderRandomDropoutBidirectionalLSTM,8,False,23.15,16.88,1.55,17.63,12.63,0.8600000143051147,15.13,11.63,1.18,17.81,12.7,0.61,365
396,AutoencoderRandomDropoutBidirectionalLSTM_seq_false_ver_9,AutoencoderRandomDropoutBidirectionalLSTM,9,False,29.75,14.82,1.42,67.41,56.57,3.56,30.9,25.23,1.7,73.1,67.98,4.44,365
397,AutoencoderRandomDropoutBidirectionalLSTM_seq_false_ver_10,AutoencoderRandomDropoutBidirectionalLSTM,10,False,47.43,29.6,2.18,71.06,61.94,3.83,16.03,11.5,0.76,56.0,53.48,3.75,365
398,AutoencoderRandomDropoutBidirectionalLSTM_seq_false_ver_11,AutoencoderRandomDropoutBidirectionalLSTM,11,False,62.89,48.2,3.14,76.55,69.77,4.28,40.72,37.4,2.11,84.53,83.2,5.28,365
399,AutoencoderRandomDropoutBidirectionalLSTM_seq_false_ver_12,AutoencoderRandomDropoutBidirectionalLSTM,12,False,50.92,37.28,2.24,36.26,26.24,0.57,40.25,33.48,0.43,19.97,15.94,0.59,365
400,AutoencoderRandomDropoutTimeDistributedCNNLSTM_seq_false_ver_1,AutoencoderRandomDropoutTimeDistributedCNNLSTM,1,False,9.13,6.2,1.04,20.05,14.66,0.71,21.93,16.99,0.7099999785423279,15.51,12.43,1.1799999475479126,365
401,AutoencoderRandomDropoutTimeDistributedCNNLSTM_seq_false_ver_2,AutoencoderRandomDropoutTimeDistributedCNNLSTM,2,False,12.63,8.98,1.28,21.6,15.97,1.3200000524520874,27.08,23.71,1.2000000476837158,18.27,12.51,1.409999966621399,365
402,AutoencoderRandomDropoutTimeDistributedCNNLSTM_seq_false_ver_3,AutoencoderRandomDropoutTimeDistributedCNNLSTM,3,False,9.78,5.9,1.09,16.81,13.2,1.1399999856948853,18.1,14.09,0.8500000238418579,14.55,10.96,1.0299999713897705,365
403,AutoencoderRandomDropoutTimeDistributedCNNLSTM_seq_false_ver_4,AutoencoderRandomDropoutTimeDistributedCNNLSTM,4,False,10.59,5.96,0.99,15.4,10.83,0.9900000095367432,24.03,17.64,0.58,13.56,9.16,0.99,365
404,AutoencoderRandomDropoutTimeDistributedCNNLSTM_seq_false_ver_5,AutoencoderRandomDropoutTimeDistributedCNNLSTM,5,False,13.29,9.23,1.0399999618530273,18.36,14.0,1.0800000429153442,25.48,20.07,0.6700000166893005,15.19,11.42,1.0499999523162842,365
405,AutoencoderRandomDropoutTimeDistributedCNNLSTM_seq_false_ver_6,AutoencoderRandomDropoutTimeDistributedCNNLSTM,6,False,12.41,9.1,1.1100000143051147,18.84,14.7,1.3300000429153442,21.08,18.25,1.3300000429153442,18.39,15.33,1.3200000524520874,365
406,AutoencoderRandomDropoutTimeDistributedCNNLSTM_seq_false_ver_7,AutoencoderRandomDropoutTimeDistributedCNNLSTM,7,False,9.35,5.27,1.0499999523162842,15.64,11.05,1.0199999809265137,14.39,10.94,0.8500000238418579,13.94,10.35,1.0,365
407,AutoencoderRandomDropoutTimeDistributedCNNLSTM_seq_false_ver_8,AutoencoderRandomDropoutTimeDistributedCNNLSTM,8,False,13.88,8.94,0.94,18.12,12.42,0.7300000190734863,24.01,17.26,0.6000000238418579,15.88,10.44,0.6200000047683716,365
408,AutoencoderRandomDropoutTimeDistributedCNNLSTM_seq_false_ver_9,AutoencoderRandomDropoutTimeDistributedCNNLSTM,9,False,14.85,10.35,1.02,21.36,15.98,0.94,24.06,19.01,0.79,15.96,11.72,0.99,365
409,AutoencoderRandomDropoutTimeDistributedCNNLSTM_seq_false_ver_10,AutoencoderRandomDropoutTimeDistributedCNNLSTM,10,False,12.95,9.53,1.15,25.09,19.82,1.19,27.78,24.11,1.2,14.68,11.14,1.11,365
410,AutoencoderRandomDropoutTimeDistributedCNNLSTM_seq_false_ver_11,AutoencoderRandomDropoutTimeDistributedCNNLSTM,11,False,14.64,9.8,0.9700000286102295,19.32,14.04,0.78,16.76,12.84,0.67,17.18,12.29,0.84,365
411,AutoencoderRandomDropoutTimeDistributedCNNLSTM_seq_false_ver_12,AutoencoderRandomDropoutTimeDistributedCNNLSTM,12,False,14.57,10.04,1.01,17.51,12.47,0.9,23.05,16.85,0.69,13.92,9.88,0.98,365
412,AutoencoderRandomDropoutCNNLSTM_seq_false_ver_1,AutoencoderRandomDropoutCNNLSTM,1,False,9.56,6.94,1.149999976158142,17.46,12.64,0.9700000286102295,25.32,18.84,0.6100000143051147,15.23,11.7,0.9700000286102295,365
413,AutoencoderRandomDropoutCNNLSTM_seq_false_ver_2,AutoencoderRandomDropoutCNNLSTM,2,False,11.59,7.72,1.02,20.88,16.76,1.409999966621399,22.57,18.88,1.0299999713897705,20.09,17.31,1.600000023841858,365
414,AutoencoderRandomDropoutCNNLSTM_seq_false_ver_3,AutoencoderRandomDropoutCNNLSTM,3,False,10.19,6.23,0.9700000286102295,16.26,12.57,1.059999942779541,18.29,12.86,0.7200000286102295,17.9,13.83,1.0299999713897705,365
415,AutoencoderRandomDropoutCNNLSTM_seq_false_ver_4,AutoencoderRandomDropoutCNNLSTM,4,False,12.65,7.86,1.07,18.36,14.7,1.1399999856948853,17.29,12.62,0.8100000023841858,18.28,14.69,1.2799999713897705,365
416,AutoencoderRandomDropoutCNNLSTM_seq_false_ver_5,AutoencoderRandomDropoutCNNLSTM,5,False,12.34,8.95,1.13,19.24,15.3,1.309999942779541,26.22,22.16,0.7799999713897705,20.63,15.97,1.350000023841858,365
417,AutoencoderRandomDropoutCNNLSTM_seq_false_ver_6,AutoencoderRandomDropoutCNNLSTM,6,False,13.19,9.41,1.0,17.17,12.29,0.8799999952316284,19.59,15.65,0.9700000286102295,17.19,12.43,1.0299999713897705,365
418,AutoencoderRandomDropoutCNNLSTM_seq_false_ver_7,AutoencoderRandomDropoutCNNLSTM,7,False,13.66,8.42,1.08,17.9,12.82,1.059999942779541,23.28,16.73,0.5899999737739563,16.35,12.16,1.0299999713897705,365
419,AutoencoderRandomDropoutCNNLSTM_seq_false_ver_8,AutoencoderRandomDropoutCNNLSTM,8,False,14.28,9.79,1.02,18.22,14.69,1.2000000476837158,20.65,15.49,0.7400000095367432,15.9,13.23,1.2699999809265137,365
420,AutoencoderRandomDropoutCNNLSTM_seq_false_ver_9,AutoencoderRandomDropoutCNNLSTM,9,False,13.35,9.23,1.02,16.33,12.46,1.0800000429153442,22.27,16.83,0.7300000190734863,15.4,11.84,1.100000023841858,365
421,AutoencoderRandomDropoutCNNLSTM_seq_false_ver_10,AutoencoderRandomDropoutCNNLSTM,10,False,13.85,9.45,0.93,26.32,22.12,1.7799999713897705,23.32,18.47,0.8600000143051147,29.77,27.43,2.3299999237060547,365
422,AutoencoderRandomDropoutCNNLSTM_seq_false_ver_11,AutoencoderRandomDropoutCNNLSTM,11,False,15.14,10.21,0.98,16.09,11.17,0.9200000166893005,22.92,16.81,0.5400000214576721,15.54,11.1,0.9100000262260437,365
423,AutoencoderRandomDropoutCNNLSTM_seq_false_ver_12,AutoencoderRandomDropoutCNNLSTM,12,False,13.96,10.09,1.14,17.75,14.22,1.3799999952316284,14.57,11.06,0.9700000286102295,17.72,13.01,1.3899999856948853,365
424,AutoencoderCNNLSTMTimeDistributed_seq_false_ver_1,AutoencoderCNNLSTMTimeDistributed,1,False,8.84,6.1,1.03,17.49,12.74,1.03,24.34,18.37,0.6899999976158142,16.85,12.25,1.0800000429153442,365
425,AutoencoderCNNLSTMTimeDistributed_seq_false_ver_2,AutoencoderCNNLSTMTimeDistributed,2,False,10.86,7.47,1.15,22.59,18.52,1.559999942779541,24.1,20.59,1.1200000047683716,23.87,20.04,1.6799999475479126,365
426,AutoencoderCNNLSTMTimeDistributed_seq_false_ver_3,AutoencoderCNNLSTMTimeDistributed,3,False,10.45,6.19,1.0499999523162842,17.37,14.12,1.2300000190734863,18.39,13.78,0.8199999928474426,17.97,14.43,1.2999999523162842,365
427,AutoencoderCNNLSTMTimeDistributed_seq_false_ver_4,AutoencoderCNNLSTMTimeDistributed,4,False,8.11,4.87,1.05,21.37,17.05,1.1799999475479126,14.29,11.97,1.1100000143051147,9.28,6.81,1.190000057220459,365
428,AutoencoderCNNLSTMTimeDistributed_seq_false_ver_5,AutoencoderCNNLSTMTimeDistributed,5,False,11.78,8.55,1.04,18.36,14.08,1.07,24.05,18.01,0.7699999809265137,18.46,15.09,1.090000033378601,365
429,AutoencoderCNNLSTMTimeDistributed_seq_false_ver_6,AutoencoderCNNLSTMTimeDistributed,6,False,11.99,8.81,1.100000023841858,24.74,19.75,1.6799999475479126,20.08,16.96,1.2400000095367432,22.93,18.62,1.840000033378601,365
430,AutoencoderCNNLSTMTimeDistributed_seq_false_ver_7,AutoencoderCNNLSTMTimeDistributed,7,False,9.1,5.23,1.07,13.56,9.27,0.9900000095367432,16.24,12.5,0.9599999785423279,16.66,12.36,1.0299999713897705,365
431,AutoencoderCNNLSTMTimeDistributed_seq_false_ver_8,AutoencoderCNNLSTMTimeDistributed,8,False,15.62,10.9,1.0,22.18,17.07,1.02,28.98,21.46,0.58,24.49,20.43,1.05,365
432,AutoencoderCNNLSTMTimeDistributed_seq_false_ver_9,AutoencoderCNNLSTMTimeDistributed,9,False,13.1,9.42,1.06,18.91,14.29,1.08,23.77,17.85,0.71,17.22,13.26,1.14,365
433,AutoencoderCNNLSTMTimeDistributed_seq_false_ver_10,AutoencoderCNNLSTMTimeDistributed,10,False,13.44,9.9,1.14,25.41,20.47,1.5700000524520874,28.15,23.78,1.09,24.22,20.23,1.67,365
434,AutoencoderCNNLSTMTimeDistributed_seq_false_ver_11,AutoencoderCNNLSTMTimeDistributed,11,False,16.13,11.3,1.11,18.7,13.33,1.09,18.61,14.67,1.07,16.62,10.94,1.1,365
435,AutoencoderCNNLSTMTimeDistributed_seq_false_ver_12,AutoencoderCNNLSTMTimeDistributed,12,False,13.89,10.37,1.16,17.84,13.68,1.08,20.47,16.17,1.07,13.15,9.11,1.14,365
436,RandomDropoutGRU_seq_false_ver_1,RandomDropoutGRU,1,False,9.62,6.13,1.0,20.91,16.31,1.3,20.02,14.71,0.66,15.64,12.58,1.19,365
437,RandomDropoutGRU_seq_false_ver_2,RandomDropoutGRU,2,False,11.06,7.48,1.09,79.03,75.9,4.77,48.45,43.36,2.29,82.15,80.74,5.16,365
438,RandomDropoutGRU_seq_false_ver_3,RandomDropoutGRU,3,False,8.37,5.88,0.97,17.54,12.27,0.87,22.79,17.37,0.6299999952316284,15.11,10.66,0.8799999952316284,365
439,RandomDropoutGRU_seq_false_ver_4,RandomDropoutGRU,4,False,26.95,17.98,1.7200000286102295,48.98,36.58,2.35,23.17,18.74,1.52,76.99,75.43,4.88,365
440,RandomDropoutGRU_seq_false_ver_5,RandomDropoutGRU,5,False,10.27,7.4,1.11,41.6,38.41,2.940000057220459,20.72,17.99,1.4199999570846558,41.22,39.27,2.990000009536743,365
441,RandomDropoutGRU_seq_false_ver_6,RandomDropoutGRU,6,False,9.45,6.69,0.99,20.01,16.34,1.2999999523162842,17.74,12.82,0.7699999809265137,15.93,13.41,1.2899999618530273,365
442,RandomDropoutGRU_seq_false_ver_7,RandomDropoutGRU,7,False,47.56,33.61,1.74,42.59,30.46,1.4,49.1,41.84,1.12,25.83,18.84,1.19,365
443,RandomDropoutGRU_seq_false_ver_8,RandomDropoutGRU,8,False,14.78,12.33,1.4800000190734863,50.22,46.78,3.2200000286102295,26.19,23.49,1.6699999570846558,51.04,48.63,3.490000009536743,365
444,RandomDropoutGRU_seq_false_ver_9,RandomDropoutGRU,9,False,12.93,8.88,0.98,18.84,14.66,1.25,20.02,15.1,0.7300000190734863,15.81,13.14,1.2599999904632568,365
445,RandomDropoutGRU_seq_false_ver_10,RandomDropoutGRU,10,False,12.16,8.08,1.14,31.55,25.41,2.01,23.2,19.33,1.33,24.72,22.56,2.02,365
446,RandomDropoutGRU_seq_false_ver_11,RandomDropoutGRU,11,False,11.27,8.0,1.0299999713897705,28.76,21.82,1.53,14.62,12.08,1.25,19.44,16.01,1.65,365
447,RandomDropoutGRU_seq_false_ver_12,RandomDropoutGRU,12,False,26.98,20.83,0.0,26.98,20.83,0.0,37.41,33.68,0.0,24.49,19.42,0.0,365
448,AutoencoderRandomDropoutCNN_seq_false_ver_1,AutoencoderRandomDropoutCNN,1,False,9.29,6.66,1.11,17.75,13.54,0.95,24.6,19.82,0.8899999856948853,16.09,11.1,0.9300000071525574,365
449,AutoencoderRandomDropoutCNN_seq_false_ver_2,AutoencoderRandomDropoutCNN,2,False,10.94,6.98,0.9900000095367432,16.59,11.92,0.8799999952316284,20.97,15.73,0.75,15.19,10.92,0.9200000166893005,365
450,AutoencoderRandomDropoutCNN_seq_false_ver_3,AutoencoderRandomDropoutCNN,3,False,12.19,7.03,0.89,17.72,12.06,0.7400000095367432,22.03,15.98,0.5899999737739563,15.94,10.85,0.7400000095367432,365
451,AutoencoderRandomDropoutCNN_seq_false_ver_4,AutoencoderRandomDropoutCNN,4,False,13.87,8.37,0.79,19.77,13.98,0.5799999833106995,26.6,20.45,0.4,17.12,13.04,0.7,365
452,AutoencoderRandomDropoutCNN_seq_false_ver_5,AutoencoderRandomDropoutCNN,5,False,12.66,8.53,0.9700000286102295,16.4,12.04,0.949999988079071,22.18,16.13,0.5799999833106995,14.95,10.87,0.949999988079071,365
453,AutoencoderRandomDropoutCNN_seq_false_ver_6,AutoencoderRandomDropoutCNN,6,False,14.15,9.44,0.85,16.99,11.9,0.7900000214576721,23.41,17.29,0.5299999713897705,15.37,10.59,0.8100000023841858,365
454,AutoencoderRandomDropoutCNN_seq_false_ver_7,AutoencoderRandomDropoutCNN,7,False,11.99,7.2,0.949999988079071,17.43,12.18,0.800000011920929,22.17,16.45,0.6000000238418579,15.46,10.66,0.800000011920929,365
455,AutoencoderRandomDropoutCNN_seq_false_ver_8,AutoencoderRandomDropoutCNN,8,False,13.74,8.78,0.9100000262260437,18.03,12.92,0.8399999737739563,23.65,17.12,0.550000011920929,15.58,11.12,0.8799999952316284,365
456,AutoencoderRandomDropoutCNN_seq_false_ver_9,AutoencoderRandomDropoutCNN,9,False,14.41,9.67,0.93,16.5,11.83,0.8899999856948853,23.14,17.31,0.5199999809265137,15.05,10.66,0.8899999856948853,365
457,AutoencoderRandomDropoutCNN_seq_false_ver_10,AutoencoderRandomDropoutCNN,10,False,11.96,8.2,0.95,16.93,11.86,0.8100000023841858,21.87,16.38,0.7400000095367432,15.3,10.61,0.8299999833106995,365
458,AutoencoderRandomDropoutCNN_seq_false_ver_11,AutoencoderRandomDropoutCNN,11,False,13.95,9.24,0.9599999785423279,17.11,11.75,0.800000011920929,21.0,15.44,0.7099999785423279,15.39,10.53,0.800000011920929,365
459,AutoencoderRandomDropoutCNN_seq_false_ver_12,AutoencoderRandomDropoutCNN,12,False,14.34,9.52,0.92,22.46,17.08,0.52,22.76,16.6,0.7,20.31,15.6,0.41,365
460,AutoencoderRandomDropoutMultiCNN_seq_false_ver_1,AutoencoderRandomDropoutMultiCNN,1,False,12.27,8.29,1.04,16.23,12.34,1.0399999618530273,20.93,15.39,0.6600000262260437,14.96,11.36,1.0499999523162842,365
461,AutoencoderRandomDropoutMultiCNN_seq_false_ver_2,AutoencoderRandomDropoutMultiCNN,2,False,12.5,7.7,0.9900000095367432,16.81,11.91,0.8299999833106995,23.31,17.52,0.6299999952316284,15.18,10.6,0.8600000143051147,365
462,AutoencoderRandomDropoutMultiCNN_seq_false_ver_3,AutoencoderRandomDropoutMultiCNN,3,False,11.38,7.05,1.0399999618530273,16.89,11.93,0.8799999952316284,19.08,14.0,0.7699999809265137,15.5,11.1,0.8999999761581421,365
463,AutoencoderRandomDropoutMultiCNN_seq_false_ver_4,AutoencoderRandomDropoutMultiCNN,4,False,12.69,7.23,0.92,17.3,13.28,1.0700000524520874,19.79,14.22,0.67,14.36,11.04,1.11,365
464,AutoencoderRandomDropoutMultiCNN_seq_false_ver_5,AutoencoderRandomDropoutMultiCNN,5,False,14.56,10.46,1.08,19.23,14.85,1.08,22.71,16.87,0.61,14.98,11.59,1.08,365
465,AutoencoderRandomDropoutMultiCNN_seq_false_ver_6,AutoencoderRandomDropoutMultiCNN,6,False,14.9,10.62,1.0099999904632568,16.91,12.18,0.8799999952316284,22.13,15.97,0.5799999833106995,15.16,10.75,0.8899999856948853,365
466,AutoencoderRandomDropoutMultiCNN_seq_false_ver_7,AutoencoderRandomDropoutMultiCNN,7,False,12.19,7.74,1.07,17.95,12.39,0.77,18.11,13.46,0.85,16.31,11.32,0.74,365
467,AutoencoderRandomDropoutMultiCNN_seq_false_ver_8,AutoencoderRandomDropoutMultiCNN,8,False,12.91,8.66,1.01,16.69,12.42,0.949999988079071,16.17,11.97,0.94,13.99,10.02,0.96,365
468,AutoencoderRandomDropoutMultiCNN_seq_false_ver_9,AutoencoderRandomDropoutMultiCNN,9,False,16.66,12.45,1.100000023841858,17.69,12.38,0.8399999737739563,24.29,18.42,0.47,15.37,10.58,0.81,365
469,AutoencoderRandomDropoutMultiCNN_seq_false_ver_10,AutoencoderRandomDropoutMultiCNN,10,False,14.5,9.53,0.9200000166893005,16.54,12.01,0.9100000262260437,21.8,15.68,0.6,14.99,10.83,0.94,365
470,AutoencoderRandomDropoutMultiCNN_seq_false_ver_11,AutoencoderRandomDropoutMultiCNN,11,False,15.86,10.93,1.11,18.36,12.63,0.8,18.03,13.44,0.92,15.89,10.82,0.76,365
471,AutoencoderRandomDropoutMultiCNN_seq_false_ver_12,AutoencoderRandomDropoutMultiCNN,12,False,14.57,9.68,1.0,18.6,14.05,0.92,17.12,11.92,0.81,14.34,10.32,0.95,365
472,AutoencoderRandomDropoutMLPLSTM_seq_false_ver_1,AutoencoderRandomDropoutMLPLSTM,1,False,9.0,5.74,1.01,16.45,11.81,0.89,20.29,14.66,0.6399999856948853,15.71,11.82,1.0199999809265137,365
473,AutoencoderRandomDropoutMLPLSTM_seq_false_ver_2,AutoencoderRandomDropoutMLPLSTM,2,False,10.12,7.07,1.07,23.54,19.52,1.26,17.74,13.77,0.85,22.38,17.21,1.31,365
474,AutoencoderRandomDropoutMLPLSTM_seq_false_ver_3,AutoencoderRandomDropoutMLPLSTM,3,False,11.43,7.04,0.94,16.69,12.58,1.0,20.28,15.15,0.800000011920929,15.07,11.4,1.0700000524520874,365
475,AutoencoderRandomDropoutMLPLSTM_seq_false_ver_4,AutoencoderRandomDropoutMLPLSTM,4,False,11.41,6.22,0.96,16.93,12.67,1.0,21.41,15.51,0.6000000238418579,15.18,11.47,1.059999942779541,365
476,AutoencoderRandomDropoutMLPLSTM_seq_false_ver_5,AutoencoderRandomDropoutMLPLSTM,5,False,12.93,8.88,1.01,16.6,12.31,0.949999988079071,23.83,17.93,0.5099999904632568,15.22,11.08,0.949999988079071,365
477,AutoencoderRandomDropoutMLPLSTM_seq_false_ver_6,AutoencoderRandomDropoutMLPLSTM,6,False,12.14,8.71,1.08,20.22,15.25,0.8799999952316284,22.08,17.82,0.97,14.34,9.85,0.88,365
478,AutoencoderRandomDropoutMLPLSTM_seq_false_ver_7,AutoencoderRandomDropoutMLPLSTM,7,False,10.66,6.33,1.06,16.63,12.75,1.059999942779541,20.14,15.17,0.7900000214576721,15.12,11.54,1.0700000524520874,365
479,AutoencoderRandomDropoutMLPLSTM_seq_false_ver_8,AutoencoderRandomDropoutMLPLSTM,8,False,13.07,9.28,1.0499999523162842,17.06,13.48,1.1100000143051147,18.56,13.4,0.7599999904632568,14.3,11.28,1.1299999952316284,365
480,AutoencoderRandomDropoutMLPLSTM_seq_false_ver_9,AutoencoderRandomDropoutMLPLSTM,9,False,13.73,9.23,0.8999999761581421,18.3,12.29,0.5699999928474426,19.17,14.49,0.6100000143051147,17.67,12.32,0.6299999952316284,365
481,AutoencoderRandomDropoutMLPLSTM_seq_false_ver_10,AutoencoderRandomDropoutMLPLSTM,10,False,18.26,11.46,0.99,25.19,18.87,0.77,17.67,14.11,1.32,15.41,10.23,0.74,365
482,AutoencoderRandomDropoutMLPLSTM_seq_false_ver_11,AutoencoderRandomDropoutMLPLSTM,11,False,13.19,9.13,0.9700000286102295,16.7,12.85,1.0499999523162842,19.18,13.85,0.7900000214576721,15.13,11.79,1.1200000047683716,365
483,AutoencoderRandomDropoutMLPLSTM_seq_false_ver_12,AutoencoderRandomDropoutMLPLSTM,12,False,13.26,9.13,0.97,17.01,12.61,0.9700000286102295,18.11,12.86,0.7300000190734863,15.5,11.49,1.0399999618530273,365
484,AutoencoderRandomDropoutMLPGRU_seq_false_ver_1,AutoencoderRandomDropoutMLPGRU,1,False,9.51,5.83,1.01,21.77,18.85,1.7000000476837158,20.32,14.16,0.6399999856948853,16.39,14.42,1.4299999475479126,365
485,AutoencoderRandomDropoutMLPGRU_seq_false_ver_2,AutoencoderRandomDropoutMLPGRU,2,False,11.03,7.41,1.09,19.94,16.16,1.190000057220459,19.93,16.18,0.9800000190734863,14.7,11.57,1.2699999809265137,365
486,AutoencoderRandomDropoutMLPGRU_seq_false_ver_3,AutoencoderRandomDropoutMLPGRU,3,False,10.68,6.38,0.94,16.7,12.34,0.949999988079071,20.05,14.69,0.7599999904632568,14.83,10.91,1.0,365
487,AutoencoderRandomDropoutMLPGRU_seq_false_ver_4,AutoencoderRandomDropoutMLPGRU,4,False,9.98,5.68,0.99,17.03,12.07,0.8799999952316284,20.91,14.96,0.7,14.93,10.21,0.91,365
488,AutoencoderRandomDropoutMLPGRU_seq_false_ver_5,AutoencoderRandomDropoutMLPGRU,5,False,11.33,8.06,1.07,21.2,16.29,1.3,21.13,16.31,0.92,18.84,15.36,1.28,365
489,AutoencoderRandomDropoutMLPGRU_seq_false_ver_6,AutoencoderRandomDropoutMLPGRU,6,False,12.5,8.72,1.02,18.71,12.64,0.550000011920929,23.06,18.32,0.8799999952316284,17.18,11.6,0.5699999928474426,365
490,AutoencoderRandomDropoutMLPGRU_seq_false_ver_7,AutoencoderRandomDropoutMLPGRU,7,False,11.11,6.57,1.02,16.64,12.07,1.0199999809265137,20.43,14.97,0.7200000286102295,13.99,10.2,1.0099999904632568,365
491,AutoencoderRandomDropoutMLPGRU_seq_false_ver_8,AutoencoderRandomDropoutMLPGRU,8,False,12.91,8.68,0.97,17.15,12.24,0.8799999952316284,21.27,15.33,0.699999988079071,14.64,9.94,0.8899999856948853,365
492,AutoencoderRandomDropoutMLPGRU_seq_false_ver_9,AutoencoderRandomDropoutMLPGRU,9,False,12.21,8.51,0.99,20.19,16.03,1.14,15.88,11.99,0.94,12.65,9.09,1.01,365
493,AutoencoderRandomDropoutMLPGRU_seq_false_ver_10,AutoencoderRandomDropoutMLPGRU,10,False,11.93,8.52,1.05,21.77,16.37,0.98,17.47,13.68,1.05,12.13,8.47,0.94,365
494,AutoencoderRandomDropoutMLPGRU_seq_false_ver_11,AutoencoderRandomDropoutMLPGRU,11,False,13.38,9.3,0.97,16.78,13.13,1.090000033378601,19.72,14.03,0.7200000286102295,15.17,12.0,1.149999976158142,365
495,AutoencoderRandomDropoutMLPGRU_seq_false_ver_12,AutoencoderRandomDropoutMLPGRU,12,False,12.66,8.9,0.9900000095367432,17.01,12.26,0.9100000262260437,20.35,15.01,0.6000000238418579,15.44,11.17,0.9800000190734863,365
496,ResNetLSTM_seq_false_ver_1,ResNetLSTM,1,False,10.72,6.6,1.09,17.33,14.09,1.34,19.54,15.13,0.95,17.27,13.67,1.28,365
497,ResNetLSTM_seq_false_ver_2,ResNetLSTM,2,False,13.34,8.6,1.19,19.4,16.1,1.44,17.8,14.52,1.02,19.22,15.62,1.55,365
498,ResNetLSTM_seq_false_ver_3,ResNetLSTM,3,False,13.33,8.6,1.2,21.08,18.22,1.55,16.94,13.23,0.99,19.07,16.66,1.6,365
499,ResNetLSTM_seq_false_ver_4,ResNetLSTM,4,False,10.96,5.79,1.01,18.77,15.01,1.22,19.62,15.16,0.8,16.72,13.71,1.35,365
500,ResNetLSTM_seq_false_ver_5,ResNetLSTM,5,False,12.93,8.9,1.05,19.94,15.75,1.37,22.26,18.0,0.99,20.95,16.05,1.4,365
501,ResNetLSTM_seq_false_ver_6,ResNetLSTM,6,False,15.59,11.89,1.23,19.1,15.57,1.35,20.63,16.36,0.83,17.95,14.65,1.39,365
502,ResNetLSTM_seq_false_ver_7,ResNetLSTM,7,False,23.88,15.96,1.51,30.8,26.83,2.09,21.15,16.37,0.76,29.8,26.54,2.26,365
503,ResNetLSTM_seq_false_ver_8,ResNetLSTM,8,False,13.75,9.39,0.96,23.17,18.73,1.37,21.19,16.47,0.89,21.38,17.66,1.51,365
504,ResNetLSTM_seq_false_ver_9,ResNetLSTM,9,False,15.3,11.23,1.09,18.03,14.33,1.24,19.38,14.49,0.78,17.8,14.15,1.19,365
505,ResNetLSTM_seq_false_ver_10,ResNetLSTM,10,False,15.27,10.99,1.05,18.96,15.15,1.22,23.98,19.5,0.79,18.05,14.42,1.23,365
506,ResNetLSTM_seq_false_ver_11,ResNetLSTM,11,False,16.75,12.41,1.17,21.82,18.01,1.51,19.39,16.08,1.11,19.83,16.2,1.56,365
507,ResNetLSTM_seq_false_ver_12,ResNetLSTM,12,False,15.59,10.92,1.01,21.73,17.36,1.18,23.98,17.56,0.6,17.86,14.52,1.24,365
508,ResNetClassification_seq_false_ver_1,ResNetClassification,1,False,14.92,8.64,0.89,18.95,13.91,0.81,26.83,21.07,0.46,18.73,13.87,0.75,365
509,ResNetClassification_seq_false_ver_2,ResNetClassification,2,False,16.48,9.53,0.92,19.84,14.81,1.07,22.36,17.98,0.57,17.62,13.13,1.1,365
510,ResNetClassification_seq_false_ver_3,ResNetClassification,3,False,17.88,10.81,0.94,19.85,14.93,1.05,24.41,18.9,0.56,17.23,12.56,1.01,365
511,ResNetClassification_seq_false_ver_4,ResNetClassification,4,False,17.98,11.44,0.82,19.03,13.99,0.84,22.95,17.18,0.54,16.43,11.63,0.84,365
